Profile Name,Source,Navigation Level,Referrer Url,Webpage Url,Click Utc Ts
Jessica,tvui,postPlay,,,2023-01-23 03:43:16
Jessica,tvui,playback,,,2023-01-23 03:43:16
Jessica,tvui,playback,,,2023-01-23 03:42:54
Jessica,tvui,postPlay,,,2023-01-23 03:42:54
Jessica,tvui,movieDetails,,,2023-01-23 02:52:21
Jessica,tvui,playback,,,2023-01-23 02:52:21
Jessica,tvui,browseTitles,,,2023-01-23 02:47:40
Jessica,tvui,movieDetails,,,2023-01-23 02:47:40
Jessica,tvui,browseTitlesGallery,,,2023-01-23 02:46:24
Jessica,tvui,browseTitles,,,2023-01-23 02:46:24
Jessica,tvui,search,,,2023-01-23 02:45:37
Jessica,tvui,browseTitlesGallery,,,2023-01-23 02:45:37
Jessica,tvui,browseTitles,,,2023-01-23 02:43:55
Jessica,tvui,search,,,2023-01-23 02:43:55
Jessica,tvui,playback,,,2023-01-22 17:19:02
Jessica,tvui,movieDetails,,,2023-01-22 17:19:02
Jessica,tvui,movieDetails,,,2023-01-22 17:18:37
Jessica,tvui,playback,,,2023-01-22 17:18:37
Jessica,tvui,browseTitles,,,2023-01-22 17:18:32
Jessica,tvui,movieDetails,,,2023-01-22 17:18:32
Jessica,tvui,movieDetails,,,2023-01-22 17:18:18
Jessica,tvui,browseTitles,,,2023-01-22 17:18:18
Jessica,tvui,playback,,,2023-01-22 17:18:13
Jessica,tvui,movieDetails,,,2023-01-22 17:18:13
Jessica,tvui,movieDetails,,,2023-01-22 16:27:48
Jessica,tvui,playback,,,2023-01-22 16:27:48
Jessica,tvui,browseTitles,,,2023-01-22 16:27:45
Jessica,tvui,movieDetails,,,2023-01-22 16:27:45
Jessica,tvui,movieDetails,,,2023-01-22 16:27:32
Jessica,tvui,browseTitles,,,2023-01-22 16:27:32
Jessica,tvui,playback,,,2023-01-22 16:27:26
Jessica,tvui,movieDetails,,,2023-01-22 16:27:26
Jessica,tvui,movieDetails,,,2023-01-22 16:27:01
Jessica,tvui,playback,,,2023-01-22 16:27:01
Jessica,tvui,browseTitles,,,2023-01-22 16:26:58
Jessica,tvui,movieDetails,,,2023-01-22 16:26:58
Jessica,tvui,movieDetails,,,2023-01-22 02:34:15
Jessica,tvui,browseTitles,,,2023-01-22 02:34:15
Jessica,tvui,postPlay,,,2023-01-22 02:34:13
Jessica,tvui,movieDetails,,,2023-01-22 02:34:13
Jessica,tvui,playback,,,2023-01-22 02:34:11
Jessica,tvui,postPlay,,,2023-01-22 02:34:11
Jessica,tvui,movieDetails,,,2023-01-22 01:48:45
Jessica,tvui,playback,,,2023-01-22 01:48:45
Jessica,tvui,playback,,,2023-01-22 01:48:40
Jessica,tvui,movieDetails,,,2023-01-22 01:48:40
Jessica,tvui,movieDetails,,,2023-01-22 00:57:39
Jessica,tvui,playback,,,2023-01-22 00:57:39
Jessica,tvui,postPlay,,,2023-01-22 00:57:18
Jessica,tvui,movieDetails,,,2023-01-22 00:57:18
Jessica,tvui,playback,,,2023-01-22 00:57:17
Jessica,tvui,postPlay,,,2023-01-22 00:57:17
Jessica,tvui,movieDetails,,,2023-01-22 00:52:00
Jessica,tvui,playback,,,2023-01-22 00:52:00
Jessica,tvui,browseTitles,,,2023-01-22 00:51:58
Jessica,tvui,movieDetails,,,2023-01-22 00:51:58
Jessica,tvui,searchSuggestionTitleResults,,,2023-01-22 00:51:48
Jessica,tvui,browseTitles,,,2023-01-22 00:51:48
Jessica,tvui,movieDetails,,,2023-01-22 00:51:40
Jessica,tvui,searchSuggestionTitleResults,,,2023-01-22 00:51:40
Jessica,tvui,playback,,,2023-01-22 00:51:35
Jessica,tvui,movieDetails,,,2023-01-22 00:51:35
Jessica,tvui,movieDetails,,,2023-01-21 22:09:22
Jessica,tvui,playback,,,2023-01-21 22:09:22
Jessica,tvui,searchSuggestionTitleResults,,,2023-01-21 22:09:17
Jessica,tvui,movieDetails,,,2023-01-21 22:09:17
Jessica,tvui,browseTitles,,,2023-01-21 22:08:48
Jessica,tvui,search,,,2023-01-21 22:08:48
Jessica,tvui,postPlay,,,2023-01-20 23:40:07
Jessica,tvui,playback,,,2023-01-20 23:40:07
Jessica,tvui,playback,,,2023-01-20 23:39:45
Jessica,tvui,postPlay,,,2023-01-20 23:39:45
Jessica,tvui,postPlay,,,2023-01-20 22:53:09
Jessica,tvui,playback,,,2023-01-20 22:53:09
Jessica,tvui,playback,,,2023-01-20 22:52:58
Jessica,tvui,postPlay,,,2023-01-20 22:52:58
Jessica,tvui,movieDetails,,,2023-01-20 21:55:46
Jessica,tvui,playback,,,2023-01-20 21:55:46
Jessica,tvui,search,,,2023-01-20 21:55:31
Jessica,tvui,movieDetails,,,2023-01-20 21:55:31
Jessica,tvui,browseTitlesGallery,,,2023-01-20 21:54:58
Jessica,tvui,search,,,2023-01-20 21:54:58
Jessica,android,movieDetails,,,2023-01-20 21:54:24
Jessica,android,browseTitlesGallery,,,2023-01-20 21:54:24
Jessica,android,browseTitles,,,2023-01-20 21:54:02
Jessica,android,browseTitlesGallery,,,2023-01-20 21:54:02
Jessica,android,profilesGate,,,2023-01-20 21:53:53
Jessica,android,addProfile,,,2023-01-20 21:53:53
Jessica,android,profilesGate,,,2023-01-20 21:53:53
Jessica,android,browseTitles,,,2023-01-20 21:53:53
Jessica,android,addProfile,,,2023-01-20 21:53:51
Jessica,android,profilesGate,,,2023-01-20 21:53:50
Jessica,tvui,browseTitles,,,2023-01-20 21:51:31
Jessica,tvui,browseTitlesGallery,,,2023-01-20 21:51:31
Jessica,www,browseTitles,,/browse,2023-01-16 22:23:46
Jessica,www,browseTitles,/browse,/browse?jbv=80216993,2023-01-16 22:23:46
Jessica,tvui,movieDetails,,,2023-01-16 10:39:37
Jessica,tvui,playback,,,2023-01-16 10:39:37
Jessica,tvui,browseTitles,,,2023-01-16 10:39:33
Jessica,tvui,movieDetails,,,2023-01-16 10:39:33
Jessica,tvui,movieDetails,,,2023-01-16 02:05:18
Jessica,tvui,browseTitles,,,2023-01-16 02:05:18
Jessica,tvui,playback,,,2023-01-16 02:05:13
Jessica,tvui,movieDetails,,,2023-01-16 02:05:13
Jessica,tvui,movieDetails,,,2023-01-16 00:48:56
Jessica,tvui,playback,,,2023-01-16 00:48:56
Jessica,tvui,browseTitles,,,2023-01-16 00:41:39
Jessica,tvui,movieDetails,,,2023-01-16 00:41:39
Jessica,tvui,movieDetails,,,2023-01-16 00:39:53
Jessica,tvui,browseTitles,,,2023-01-16 00:39:53
Jessica,tvui,playback,,,2023-01-16 00:39:45
Jessica,tvui,movieDetails,,,2023-01-16 00:39:45
Jessica,tvui,movieDetails,,,2023-01-16 00:38:32
Jessica,tvui,playback,,,2023-01-16 00:38:32
Jessica,tvui,browseTitles,,,2023-01-16 00:38:22
Jessica,tvui,movieDetails,,,2023-01-16 00:38:22
Jessica,tvui,movieDetails,,,2023-01-15 15:14:00
Jessica,tvui,playback,,,2023-01-15 15:14:00
Jessica,tvui,browseTitles,,,2023-01-15 15:13:52
Jessica,tvui,movieDetails,,,2023-01-15 15:13:52
Jessica,tvui,postPlay,,,2023-01-15 00:17:46
Jessica,tvui,playback,,,2023-01-15 00:17:46
Jessica,tvui,playback,,,2023-01-15 00:17:42
Jessica,tvui,postPlay,,,2023-01-15 00:17:42
Jessica,tvui,movieDetails,,,2023-01-14 23:59:59
Jessica,tvui,playback,,,2023-01-14 23:59:59
Jessica,tvui,browseTitles,,,2023-01-14 23:59:57
Jessica,tvui,movieDetails,,,2023-01-14 23:59:57
Jessica,tvui,movieDetails,,,2023-01-13 22:10:49
Jessica,tvui,playback,,,2023-01-13 22:10:49
Jessica,tvui,browseTitles,,,2023-01-13 22:10:46
Jessica,tvui,movieDetails,,,2023-01-13 22:10:46
Jessica,tvui,movieDetails,,,2023-01-13 22:10:38
Jessica,tvui,browseTitles,,,2023-01-13 22:10:38
Jessica,tvui,playback,,,2023-01-13 22:10:33
Jessica,tvui,movieDetails,,,2023-01-13 22:10:33
Jessica,tvui,movieDetails,,,2023-01-13 22:00:39
Jessica,tvui,playback,,,2023-01-13 22:00:39
Jessica,tvui,browseTitles,,,2023-01-13 22:00:36
Jessica,tvui,movieDetails,,,2023-01-13 22:00:36
Jessica,tvui,browseTitles,,,2023-01-13 16:47:33
Jessica,tvui,playback,,,2023-01-13 16:47:33
Jessica,tvui,movieDetails,,,2023-01-13 16:07:51
Jessica,tvui,playback,,,2023-01-13 16:07:51
Jessica,tvui,browseTitles,,,2023-01-13 16:07:49
Jessica,tvui,movieDetails,,,2023-01-13 16:07:49
Jessica,tvui,movieDetails,,,2023-01-13 01:13:04
Jessica,tvui,playback,,,2023-01-13 01:13:04
Jessica,tvui,browseTitles,,,2023-01-13 01:13:01
Jessica,tvui,movieDetails,,,2023-01-13 01:13:01
Jessica,tvui,postPlay,,,2023-01-12 02:37:51
Jessica,tvui,playback,,,2023-01-12 02:37:51
Jessica,tvui,playback,,,2023-01-12 02:37:29
Jessica,tvui,postPlay,,,2023-01-12 02:37:29
Jessica,tvui,movieDetails,,,2023-01-12 01:58:23
Jessica,tvui,playback,,,2023-01-12 01:58:23
Jessica,tvui,browseTitles,,,2023-01-12 01:58:19
Jessica,tvui,movieDetails,,,2023-01-12 01:58:19
Jessica,tvui,movieDetails,,,2023-01-09 16:30:13
Jessica,tvui,browseTitles,,,2023-01-09 16:30:13
Jessica,tvui,playback,,,2023-01-09 16:30:01
Jessica,tvui,movieDetails,,,2023-01-09 16:30:01
Jessica,tvui,movieDetails,,,2023-01-09 16:07:59
Jessica,tvui,playback,,,2023-01-09 16:07:59
Jessica,tvui,browseTitles,,,2023-01-09 16:07:55
Jessica,tvui,movieDetails,,,2023-01-09 16:07:55
Jessica,tvui,movieDetails,,,2023-01-08 17:37:30
Jessica,tvui,playback,,,2023-01-08 17:37:30
Jessica,tvui,search,,,2023-01-08 17:37:28
Jessica,tvui,movieDetails,,,2023-01-08 17:37:28
Jessica,tvui,browseTitles,,,2023-01-08 17:36:29
Jessica,tvui,search,,,2023-01-08 17:36:29
Jessica,tvui,movieDetails,,,2023-01-08 17:36:15
Jessica,tvui,browseTitles,,,2023-01-08 17:36:15
Jessica,tvui,postPlay,,,2023-01-08 17:32:22
Jessica,tvui,movieDetails,,,2023-01-08 17:32:22
Jessica,tvui,playback,,,2023-01-08 17:32:18
Jessica,tvui,postPlay,,,2023-01-08 17:32:18
Jessica,tvui,movieDetails,,,2023-01-08 15:44:53
Jessica,tvui,playback,,,2023-01-08 15:44:53
Jessica,tvui,browseTitles,,,2023-01-08 15:44:47
Jessica,tvui,movieDetails,,,2023-01-08 15:44:47
Jessica,tvui,search,,,2023-01-08 15:42:19
Jessica,tvui,browseTitles,,,2023-01-08 15:42:19
Jessica,tvui,movieDetails,,,2023-01-08 15:42:06
Jessica,tvui,search,,,2023-01-08 15:42:06
Jessica,tvui,search,,,2023-01-08 15:41:55
Jessica,tvui,movieDetails,,,2023-01-08 15:41:55
Jessica,tvui,movieDetails,,,2023-01-08 15:40:21
Jessica,tvui,search,,,2023-01-08 15:40:21
Jessica,tvui,search,,,2023-01-08 15:40:17
Jessica,tvui,movieDetails,,,2023-01-08 15:40:17
Jessica,tvui,movieDetails,,,2023-01-08 15:39:55
Jessica,tvui,search,,,2023-01-08 15:39:55
Jessica,tvui,search,,,2023-01-08 15:39:46
Jessica,tvui,movieDetails,,,2023-01-08 15:39:46
Jessica,tvui,browseTitles,,,2023-01-08 15:38:39
Jessica,tvui,search,,,2023-01-08 15:38:39
Jessica,android,playback,,,2023-01-07 15:16:17
Jessica,android,browseTitles,,,2023-01-07 15:16:15
Jessica,android,search,,,2023-01-07 15:16:13
Jessica,android,browseTitles,,,2023-01-07 15:16:13
Jessica,android,search,,,2023-01-07 15:16:11
Jessica,android,browseTitles,,,2023-01-07 15:16:10
Jessica,android,browseTitles,,,2023-01-07 15:16:08
Jessica,android,profilesGate,,,2023-01-07 15:16:07
Jessica,android,search,,,2023-01-07 00:27:24
Jessica,android,browseTitles,,,2023-01-07 00:27:23
Jessica,android,profilesGate,,,2023-01-07 00:27:22
Jessica,android,browseTitles,,,2023-01-07 00:27:22
Jessica,android,accountMenu,,,2023-01-07 00:16:01
Jessica,android,settings,,,2023-01-07 00:16:01
Jessica,android,accountMenu,,,2023-01-07 00:16:00
Jessica,android,browseTitles,,,2023-01-07 00:15:59
Jessica,android,playback,,,2023-01-07 00:15:57
Jessica,android,browseTitles,,,2023-01-07 00:15:57
Jessica,android,playback,,,2023-01-07 00:15:50
Jessica,android,browseTitles,,,2023-01-07 00:15:49
Jessica,android,browseTitles,,,2023-01-07 00:15:43
Jessica,android,accountMenu,,,2023-01-07 00:15:43
Jessica,android,accountMenu,,,2023-01-07 00:15:41
Jessica,android,browseTitles,,,2023-01-07 00:15:40
Jessica,android,movieDetails,,,2023-01-07 00:15:36
Jessica,android,browseTitles,,,2023-01-07 00:15:36
Jessica,android,playback,,,2023-01-07 00:15:33
Jessica,android,movieDetails,,,2023-01-07 00:15:33
Jessica,android,playback,,,2023-01-07 00:15:29
Jessica,android,movieDetails,,,2023-01-07 00:15:28
Jessica,android,playback,,,2023-01-07 00:15:24
Jessica,android,movieDetails,,,2023-01-07 00:15:24
Jessica,android,playback,,,2023-01-07 00:15:21
Jessica,android,movieDetails,,,2023-01-07 00:15:20
Jessica,android,browseTitles,,,2023-01-07 00:15:05
Jessica,android,movieDetails,,,2023-01-07 00:15:05
Jessica,android,browseTitles,,,2023-01-07 00:13:32
Jessica,android,profilesGate,,,2023-01-07 00:13:31
Jessica,tvui,movieDetails,,,2023-01-06 13:04:20
Jessica,tvui,playback,,,2023-01-06 13:04:20
Jessica,tvui,browseTitles,,,2023-01-06 13:04:07
Jessica,tvui,movieDetails,,,2023-01-06 13:04:07
Jessica,tvui,postPlay,,,2023-01-02 01:09:17
Jessica,tvui,movieDetails,,,2023-01-02 01:09:17
Jessica,tvui,playback,,,2023-01-02 01:09:07
Jessica,tvui,postPlay,,,2023-01-02 01:09:07
Jessica,tvui,movieDetails,,,2023-01-02 01:00:32
Jessica,tvui,playback,,,2023-01-02 01:00:32
Jessica,tvui,browseTitles,,,2023-01-02 01:00:29
Jessica,tvui,movieDetails,,,2023-01-02 01:00:29
Jessica,tvui,movieDetails,,,2023-01-02 01:00:14
Jessica,tvui,browseTitles,,,2023-01-02 01:00:14
Jessica,tvui,postPlay,,,2023-01-02 00:59:59
Jessica,tvui,movieDetails,,,2023-01-02 00:59:59
Jessica,tvui,playback,,,2023-01-02 00:59:54
Jessica,tvui,postPlay,,,2023-01-02 00:59:54
Jessica,tvui,movieDetails,,,2023-01-02 00:39:28
Jessica,tvui,playback,,,2023-01-02 00:39:28
Jessica,tvui,browseTitles,,,2023-01-02 00:39:25
Jessica,tvui,movieDetails,,,2023-01-02 00:39:25
Jessica,tvui,movieDetails,,,2023-01-02 00:39:07
Jessica,tvui,browseTitles,,,2023-01-02 00:39:07
Jessica,tvui,playback,,,2023-01-02 00:39:03
Jessica,tvui,movieDetails,,,2023-01-02 00:39:03
Jessica,tvui,movieDetails,,,2023-01-02 00:30:50
Jessica,tvui,playback,,,2023-01-02 00:30:50
Jessica,tvui,browseTitles,,,2023-01-02 00:30:46
Jessica,tvui,movieDetails,,,2023-01-02 00:30:46
Jessica,www,browseTitles,,/browse,2022-12-29 14:59:13
Jessica,www,playback,/browse,/watch/81071199?trackId=14170286&tctx=2%2C0%2C48fc7024-3d6f-4507-b839-9fb6dbf261d9-1074060354%2CNES_EE132DB9970066CBC42E805AAE7689-B9F225DDE3A711-4F8EBC0597_p_1672325943665%2CNES_EE132DB9970066CBC42E805AAE7689_p_1672325943665%2C%2C%2C%2C,2022-12-29 14:59:13
Jessica,www,browseTitles,,/browse,2022-12-29 14:46:07
Jessica,www,playback,/browse,/watch/81071199?trackId=14170286&tctx=2%2C0%2C48fc7024-3d6f-4507-b839-9fb6dbf261d9-1073442530%2CNES_EE132DB9970066CBC42E805AAE7689-B9F225DDE3A711-185D67FD71_p_1672325019995%2CNES_EE132DB9970066CBC42E805AAE7689_p_1672325019995%2C%2C%2C%2C,2022-12-29 14:46:07
Jessica,www,search,,/search?q=eu%20nunca,2022-12-28 16:18:22
Jessica,www,browseTitles,/search?q=eu%20nunca,/browse,2022-12-28 16:18:22
Jessica,www,browseTitles,/search?q=eu%20nunca,/browse,2022-12-28 10:39:33
Jessica,www,playback,/browse,/watch/81071199?trackId=14170286&tctx=2%2C0%2Cfc6c7dae-bb22-4d50-8411-35b5babffc1f-961858578%2CNES_EE132DB9970066CBC42E805AAE7689-B9F225DDE3A711-42F5552D62_p_1672223931853%2CNES_EE132DB9970066CBC42E805AAE7689_p_1672223931853%2C%2C%2C%2C,2022-12-28 10:39:33
Jessica,www,search,,/search?q=eu%20nunca,2022-12-28 10:38:51
Jessica,www,browseTitles,/search?q=eu%20nunca,/browse,2022-12-28 10:38:51
Jessica,tvui,playback,,,2022-12-28 01:50:42
Jessica,tvui,movieDetails,,,2022-12-28 01:50:42
Jessica,tvui,postPlay,,,2022-12-28 01:50:23
Jessica,tvui,playback,,,2022-12-28 01:50:23
Jessica,tvui,playback,,,2022-12-28 01:50:01
Jessica,tvui,postPlay,,,2022-12-28 01:50:01
Jessica,tvui,postPlay,,,2022-12-28 00:58:06
Jessica,tvui,playback,,,2022-12-28 00:58:06
Jessica,tvui,playback,,,2022-12-28 00:58:02
Jessica,tvui,postPlay,,,2022-12-28 00:58:02
Jessica,tvui,movieDetails,,,2022-12-28 00:34:06
Jessica,tvui,playback,,,2022-12-28 00:34:06
Jessica,tvui,browseTitles,,,2022-12-28 00:34:03
Jessica,tvui,movieDetails,,,2022-12-28 00:34:03
Jessica,android,browseTitles,,,2022-12-27 15:31:47
Jessica,android,playback,,,2022-12-27 15:31:47
Jessica,android,profilesGate,,,2022-12-27 15:31:31
Jessica,android,browseTitles,,,2022-12-27 15:31:31
Jessica,tvui,playback,,,2022-12-27 04:01:10
Jessica,tvui,movieDetails,,,2022-12-27 04:01:10
Jessica,tvui,movieDetails,,,2022-12-27 03:05:24
Jessica,tvui,playback,,,2022-12-27 03:05:24
Jessica,tvui,search,,,2022-12-27 03:05:20
Jessica,tvui,movieDetails,,,2022-12-27 03:05:20
Jessica,tvui,browseTitlesGallery,,,2022-12-27 03:05:07
Jessica,tvui,search,,,2022-12-27 03:05:07
Jessica,tvui,searchSuggestionTitleResults,,,2022-12-27 03:04:07
Jessica,tvui,browseTitlesGallery,,,2022-12-27 03:04:07
Jessica,tvui,search,,,2022-12-27 03:03:45
Jessica,tvui,browseTitles,,,2022-12-27 03:03:40
Jessica,tvui,movieDetails,,,2022-12-26 16:18:18
Jessica,tvui,playback,,,2022-12-26 16:18:18
Jessica,tvui,browseTitles,,,2022-12-26 16:18:15
Jessica,tvui,movieDetails,,,2022-12-26 16:18:15
Jessica,tvui,movieDetails,,,2022-12-26 13:56:15
Jessica,tvui,playback,,,2022-12-26 13:56:15
Jessica,tvui,browseTitles,,,2022-12-26 13:56:13
Jessica,tvui,movieDetails,,,2022-12-26 13:56:13
Jessica,tvui,movieDetails,,,2022-12-26 13:55:33
Jessica,tvui,browseTitles,,,2022-12-26 13:55:33
Jessica,tvui,playback,,,2022-12-26 13:55:28
Jessica,tvui,movieDetails,,,2022-12-26 13:55:28
Jessica,tvui,playback,,,2022-12-26 13:52:24
Jessica,tvui,movieDetails,,,2022-12-26 13:52:24
Jessica,tvui,browseTitles,,,2022-12-26 13:52:22
Jessica,tvui,movieDetails,,,2022-12-26 13:52:22
Jessica,tvui,movieDetails,,,2022-12-26 13:51:58
Jessica,tvui,browseTitles,,,2022-12-26 13:51:58
Jessica,tvui,playback,,,2022-12-26 13:51:52
Jessica,tvui,movieDetails,,,2022-12-26 13:51:52
Jessica,tvui,movieDetails,,,2022-12-26 13:51:23
Jessica,tvui,playback,,,2022-12-26 13:51:23
Jessica,tvui,browseTitles,,,2022-12-26 13:51:20
Jessica,tvui,movieDetails,,,2022-12-26 13:51:20
Jessica,tvui,search,,,2022-12-26 01:40:05
Jessica,tvui,browseTitles,,,2022-12-26 01:40:05
Jessica,android,movieDetails,,,2022-12-26 01:35:23
Jessica,android,search,,,2022-12-26 01:35:22
Jessica,android,search,,,2022-12-26 01:35:08
Jessica,android,browseTitles,,,2022-12-26 01:35:07
Jessica,android,accountMenu,,,2022-12-26 01:34:48
Jessica,android,browseTitles,,,2022-12-26 01:34:48
Jessica,android,browseTitlesGallery,,,2022-12-26 01:34:46
Jessica,android,accountMenu,,,2022-12-26 01:34:46
Jessica,android,accountMenu,,,2022-12-26 01:34:45
Jessica,android,browseTitlesGallery,,,2022-12-26 01:34:45
Jessica,android,accountMenu,,,2022-12-26 01:34:43
Jessica,android,browseTitles,,,2022-12-26 01:34:42
Jessica,android,search,,,2022-12-26 01:34:10
Jessica,android,browseTitles,,,2022-12-26 01:34:10
Jessica,android,browseTitles,,,2022-12-26 01:33:28
Jessica,android,search,,,2022-12-26 01:33:28
Jessica,android,profilesGate,,,2022-12-26 01:33:17
Jessica,android,browseTitles,,,2022-12-26 01:33:17
Jessica,tvui,browseTitles,,,2022-12-26 01:31:40
Jessica,tvui,search,,,2022-12-26 01:31:40
Jessica,tvui,browseTitles,,,2022-12-25 20:17:26
Jessica,tvui,playback,,,2022-12-25 20:17:26
Jessica,tvui,postPlay,,,2022-12-25 05:25:45
Jessica,tvui,movieDetails,,,2022-12-25 05:25:45
Jessica,tvui,playback,,,2022-12-25 05:25:40
Jessica,tvui,postPlay,,,2022-12-25 05:25:40
Jessica,tvui,movieDetails,,,2022-12-25 03:47:32
Jessica,tvui,playback,,,2022-12-25 03:47:32
Jessica,tvui,browseTitles,,,2022-12-25 03:47:06
Jessica,tvui,movieDetails,,,2022-12-25 03:47:06
Jessica,android,browseTitles,,,2022-12-23 21:28:47
Jessica,android,search,,,2022-12-23 21:28:47
Jessica,android,profilesGate,,,2022-12-23 21:28:45
Jessica,android,browseTitles,,,2022-12-23 21:28:45
Jessica,android,search,,,2022-12-23 21:26:48
Jessica,android,browseTitles,,,2022-12-23 21:26:47
Jessica,tvui,movieDetails,,,2022-12-23 16:42:18
Jessica,tvui,playback,,,2022-12-23 16:42:18
Jessica,tvui,browseTitles,,,2022-12-23 16:41:58
Jessica,tvui,movieDetails,,,2022-12-23 16:41:58
Jessica,tvui,playback,,,2022-12-23 16:41:42
Jessica,tvui,browseTitles,,,2022-12-23 16:41:42
Jessica,tvui,browseTitles,,,2022-12-23 16:35:11
Jessica,tvui,playback,,,2022-12-23 16:35:11
Jessica,tvui,playback,,,2022-12-23 16:00:39
Jessica,tvui,movieDetails,,,2022-12-23 16:00:39
Jessica,tvui,movieDetails,,,2022-12-23 15:35:17
Jessica,tvui,playback,,,2022-12-23 15:35:17
Jessica,tvui,browseTitles,,,2022-12-23 15:35:09
Jessica,tvui,movieDetails,,,2022-12-23 15:35:09
Jessica,tvui,movieDetails,,,2022-12-23 02:06:25
Jessica,tvui,browseTitlesGallery,,,2022-12-23 02:06:25
Jessica,tvui,playback,,,2022-12-23 02:06:18
Jessica,tvui,movieDetails,,,2022-12-23 02:06:18
Jessica,tvui,movieDetails,,,2022-12-23 02:02:03
Jessica,tvui,playback,,,2022-12-23 02:02:03
Jessica,tvui,browseTitlesGallery,,,2022-12-23 02:02:00
Jessica,tvui,movieDetails,,,2022-12-23 02:02:00
Jessica,tvui,movieDetails,,,2022-12-23 02:01:54
Jessica,tvui,browseTitlesGallery,,,2022-12-23 02:01:54
Jessica,tvui,playback,,,2022-12-23 02:01:50
Jessica,tvui,movieDetails,,,2022-12-23 02:01:50
Jessica,tvui,movieDetails,,,2022-12-23 00:38:30
Jessica,tvui,playback,,,2022-12-23 00:38:30
Jessica,tvui,browseTitlesGallery,,,2022-12-23 00:38:27
Jessica,tvui,movieDetails,,,2022-12-23 00:38:27
Jessica,tvui,movieDetails,,,2022-12-23 00:36:05
Jessica,tvui,browseTitlesGallery,,,2022-12-23 00:36:05
Jessica,tvui,browseTitlesGallery,,,2022-12-23 00:35:48
Jessica,tvui,movieDetails,,,2022-12-23 00:35:48
Jessica,tvui,search,,,2022-12-23 00:35:31
Jessica,tvui,browseTitlesGallery,,,2022-12-23 00:35:31
Jessica,tvui,movieDetails,,,2022-12-23 00:35:20
Jessica,tvui,search,,,2022-12-23 00:35:20
Jessica,tvui,playback,,,2022-12-23 00:35:13
Jessica,tvui,movieDetails,,,2022-12-23 00:35:13
Jessica,tvui,movieDetails,,,2022-12-23 00:17:37
Jessica,tvui,playback,,,2022-12-23 00:17:37
Jessica,tvui,search,,,2022-12-23 00:17:33
Jessica,tvui,movieDetails,,,2022-12-23 00:17:33
Jessica,tvui,movieDetails,,,2022-12-23 00:17:22
Jessica,tvui,search,,,2022-12-23 00:17:22
Jessica,tvui,search,,,2022-12-23 00:17:18
Jessica,tvui,movieDetails,,,2022-12-23 00:17:18
Jessica,tvui,movieDetails,,,2022-12-23 00:16:56
Jessica,tvui,search,,,2022-12-23 00:16:56
Jessica,tvui,search,,,2022-12-23 00:16:53
Jessica,tvui,movieDetails,,,2022-12-23 00:16:53
Jessica,tvui,movieDetails,,,2022-12-23 00:16:42
Jessica,tvui,search,,,2022-12-23 00:16:42
Jessica,tvui,search,,,2022-12-23 00:16:31
Jessica,tvui,movieDetails,,,2022-12-23 00:16:31
Jessica,tvui,movieDetails,,,2022-12-23 00:15:47
Jessica,tvui,search,,,2022-12-23 00:15:47
Jessica,tvui,search,,,2022-12-23 00:15:42
Jessica,tvui,movieDetails,,,2022-12-23 00:15:42
Jessica,tvui,browseTitles,,,2022-12-23 00:15:10
Jessica,tvui,search,,,2022-12-23 00:15:10
Jessica,android,search,,,2022-12-22 23:50:53
Jessica,android,browseTitles,,,2022-12-22 23:50:52
Jessica,android,profilesGate,,,2022-12-22 23:50:51
Jessica,android,browseTitles,,,2022-12-22 23:50:51
Jessica,tvui,movieDetails,,,2022-12-22 02:33:45
Jessica,tvui,browseTitles,,,2022-12-22 02:33:45
Jessica,tvui,playback,,,2022-12-22 02:33:41
Jessica,tvui,movieDetails,,,2022-12-22 02:33:41
Jessica,tvui,movieDetails,,,2022-12-22 02:04:59
Jessica,tvui,playback,,,2022-12-22 02:04:59
Jessica,tvui,browseTitles,,,2022-12-22 02:04:56
Jessica,tvui,movieDetails,,,2022-12-22 02:04:56
Jessica,tvui,movieDetails,,,2022-12-21 02:28:41
Jessica,tvui,browseTitles,,,2022-12-21 02:28:41
Jessica,tvui,postPlay,,,2022-12-21 02:28:40
Jessica,tvui,movieDetails,,,2022-12-21 02:28:40
Jessica,tvui,playback,,,2022-12-21 02:28:37
Jessica,tvui,postPlay,,,2022-12-21 02:28:37
Jessica,tvui,movieDetails,,,2022-12-21 01:59:57
Jessica,tvui,playback,,,2022-12-21 01:59:57
Jessica,tvui,browseTitles,,,2022-12-21 01:59:48
Jessica,tvui,movieDetails,,,2022-12-21 01:59:48
Jessica,tvui,movieDetails,,,2022-12-21 01:59:39
Jessica,tvui,browseTitles,,,2022-12-21 01:59:39
Jessica,tvui,playback,,,2022-12-21 01:59:34
Jessica,tvui,movieDetails,,,2022-12-21 01:59:34
Jessica,tvui,movieDetails,,,2022-12-21 01:42:41
Jessica,tvui,playback,,,2022-12-21 01:42:41
Jessica,tvui,browseTitles,,,2022-12-21 01:42:37
Jessica,tvui,movieDetails,,,2022-12-21 01:42:37
Jessica,tvui,movieDetails,,,2022-12-19 16:35:44
Jessica,tvui,playback,,,2022-12-19 16:35:44
Jessica,tvui,browseTitles,,,2022-12-19 16:35:36
Jessica,tvui,movieDetails,,,2022-12-19 16:35:36
Jessica,tvui,playback,,,2022-12-19 16:35:21
Jessica,tvui,browseTitles,,,2022-12-19 16:35:21
Jessica,tvui,browseTitles,,,2022-12-19 16:29:48
Jessica,tvui,playback,,,2022-12-19 16:29:48
Jessica,tvui,movieDetails,,,2022-12-19 13:27:41
Jessica,tvui,playback,,,2022-12-19 13:27:41
Jessica,tvui,browseTitles,,,2022-12-19 13:27:38
Jessica,tvui,movieDetails,,,2022-12-19 13:27:38
Jessica,www,search,,/search?q=eu%20nunca,2022-12-19 13:22:47
Jessica,www,browseTitles,/search?q=eu%20nunca,/browse,2022-12-19 13:22:47
Jessica,tvui,postPlay,,,2022-12-19 02:05:23
Jessica,tvui,browseTitles,,,2022-12-19 02:05:23
Jessica,tvui,playback,,,2022-12-19 02:05:17
Jessica,tvui,postPlay,,,2022-12-19 02:05:17
Jessica,tvui,browseTitles,,,2022-12-19 00:33:28
Jessica,tvui,playback,,,2022-12-19 00:33:28
Jessica,tvui,playback,,,2022-12-18 19:52:32
Jessica,tvui,postPlay,,,2022-12-18 19:52:32
Jessica,tvui,movieDetails,,,2022-12-18 19:24:37
Jessica,tvui,playback,,,2022-12-18 19:24:37
Jessica,tvui,playback,,,2022-12-18 19:22:54
Jessica,tvui,movieDetails,,,2022-12-18 19:22:54
Jessica,tvui,movieDetails,,,2022-12-18 18:27:08
Jessica,tvui,playback,,,2022-12-18 18:27:08
Jessica,tvui,browseTitles,,,2022-12-18 18:27:06
Jessica,tvui,movieDetails,,,2022-12-18 18:27:06
Jessica,tvui,movieDetails,,,2022-12-18 18:06:33
Jessica,tvui,searchSuggestionTitleResults,,,2022-12-18 18:06:33
Jessica,tvui,searchSuggestionTitleResults,,,2022-12-18 18:06:29
Jessica,tvui,movieDetails,,,2022-12-18 18:06:29
Jessica,tvui,browseTitles,,,2022-12-18 18:05:44
Jessica,tvui,search,,,2022-12-18 18:05:44
Jessica,tvui,playback,,,2022-12-18 18:05:34
Jessica,tvui,browseTitles,,,2022-12-18 18:05:34
Jessica,tvui,browseTitles,,,2022-12-18 18:05:15
Jessica,tvui,playback,,,2022-12-18 18:05:15
Jessica,tvui,playback,,,2022-12-18 02:31:18
Jessica,tvui,browseTitles,,,2022-12-18 02:31:18
Jessica,tvui,browseTitles,,,2022-12-18 01:06:01
Jessica,tvui,playback,,,2022-12-18 01:06:01
Jessica,tvui,movieDetails,,,2022-12-17 16:45:16
Jessica,tvui,playback,,,2022-12-17 16:45:16
Jessica,tvui,search,,,2022-12-17 16:45:13
Jessica,tvui,movieDetails,,,2022-12-17 16:45:13
Jessica,tvui,browseTitles,,,2022-12-17 16:44:50
Jessica,tvui,search,,,2022-12-17 16:44:50
Jessica,android,playback,,,2022-12-17 16:44:26
Jessica,android,browseTitles,,,2022-12-17 16:44:26
Jessica,android,browseTitles,,,2022-12-17 16:44:22
Jessica,android,playback,,,2022-12-17 16:44:22
Jessica,android,playback,,,2022-12-17 16:42:49
Jessica,android,browseTitles,,,2022-12-17 16:42:49
Jessica,android,browseTitles,,,2022-12-17 16:42:43
Jessica,android,playback,,,2022-12-17 16:42:43
Jessica,android,profilesGate,,,2022-12-17 16:42:25
Jessica,android,browseTitles,,,2022-12-17 16:42:25
Jessica,android,search,,,2022-12-16 23:22:48
Jessica,android,browseTitles,,,2022-12-16 23:22:47
Jessica,android,profilesGate,,,2022-12-16 23:22:44
Jessica,android,browseTitles,,,2022-12-16 23:22:44
Jessica,android,search,,,2022-12-16 23:00:06
Jessica,android,browseTitles,,,2022-12-16 23:00:05
Jessica,android,profilesGate,,,2022-12-16 23:00:03
Jessica,android,browseTitles,,,2022-12-16 23:00:03
Jessica,tvui,movieDetails,,,2022-12-15 16:29:57
Jessica,tvui,playback,,,2022-12-15 16:29:57
Jessica,tvui,browseTitles,,,2022-12-15 16:29:55
Jessica,tvui,movieDetails,,,2022-12-15 16:29:55
Jessica,tvui,movieDetails,,,2022-12-15 16:28:34
Jessica,tvui,browseTitles,,,2022-12-15 16:28:34
Jessica,tvui,movieDetails,,,2022-12-15 16:28:23
Jessica,tvui,playback,,,2022-12-15 16:28:22
Jessica,tvui,playback,,,2022-12-15 16:23:36
Jessica,tvui,movieDetails,,,2022-12-15 16:23:35
Jessica,tvui,browseTitles,,,2022-12-15 16:23:32
Jessica,tvui,movieDetails,,,2022-12-15 16:23:32
Jessica,tvui,movieDetails,,,2022-12-15 16:21:03
Jessica,tvui,browseTitles,,,2022-12-15 16:21:03
Jessica,tvui,playback,,,2022-12-15 16:20:47
Jessica,tvui,movieDetails,,,2022-12-15 16:20:47
Jessica,tvui,movieDetails,,,2022-12-15 16:17:53
Jessica,tvui,playback,,,2022-12-15 16:17:53
Jessica,tvui,browseTitles,,,2022-12-15 16:17:50
Jessica,tvui,movieDetails,,,2022-12-15 16:17:50
Jessica,android,playback,,,2022-12-15 16:15:26
Jessica,android,browseTitles,,,2022-12-15 16:15:26
Jessica,android,playback,,,2022-12-15 16:15:20
Jessica,android,browseTitles,,,2022-12-15 16:15:19
Jessica,android,profilesGate,,,2022-12-15 16:14:50
Jessica,android,browseTitles,,,2022-12-15 16:14:50
Jessica,tvui,movieDetails,,,2022-12-14 21:13:35
Jessica,tvui,playback,,,2022-12-14 21:13:35
Jessica,tvui,search,,,2022-12-14 21:13:22
Jessica,tvui,movieDetails,,,2022-12-14 21:13:22
Jessica,tvui,movieDetails,,,2022-12-14 21:12:35
Jessica,tvui,search,,,2022-12-14 21:12:35
Jessica,tvui,search,,,2022-12-14 21:12:27
Jessica,tvui,movieDetails,,,2022-12-14 21:12:27
Jessica,tvui,movieDetails,,,2022-12-14 21:12:03
Jessica,tvui,search,,,2022-12-14 21:12:03
Jessica,tvui,search,,,2022-12-14 21:11:54
Jessica,tvui,movieDetails,,,2022-12-14 21:11:54
Jessica,tvui,browseTitles,,,2022-12-14 21:11:23
Jessica,tvui,search,,,2022-12-14 21:11:23
Jessica,tvui,movieDetails,,,2022-12-14 21:11:12
Jessica,tvui,browseTitles,,,2022-12-14 21:11:12
Jessica,tvui,postPlay,,,2022-12-14 21:11:09
Jessica,tvui,movieDetails,,,2022-12-14 21:11:09
Jessica,tvui,playback,,,2022-12-14 21:11:06
Jessica,tvui,postPlay,,,2022-12-14 21:11:06
Jessica,tvui,movieDetails,,,2022-12-14 20:33:45
Jessica,tvui,playback,,,2022-12-14 20:33:45
Jessica,tvui,browseTitles,,,2022-12-14 20:33:43
Jessica,tvui,movieDetails,,,2022-12-14 20:33:43
Jessica,tvui,movieDetails,,,2022-12-14 20:33:36
Jessica,tvui,browseTitles,,,2022-12-14 20:33:36
Jessica,tvui,playback,,,2022-12-14 20:33:31
Jessica,tvui,movieDetails,,,2022-12-14 20:33:31
Jessica,tvui,movieDetails,,,2022-12-14 19:38:45
Jessica,tvui,playback,,,2022-12-14 19:38:45
Jessica,tvui,browseTitles,,,2022-12-14 19:38:43
Jessica,tvui,movieDetails,,,2022-12-14 19:38:42
Jessica,tvui,playback,,,2022-12-14 00:38:19
Jessica,tvui,movieDetails,,,2022-12-14 00:38:19
Jessica,tvui,movieDetails,,,2022-12-13 22:58:31
Jessica,tvui,playback,,,2022-12-13 22:58:31
Jessica,tvui,search,,,2022-12-13 22:58:23
Jessica,tvui,movieDetails,,,2022-12-13 22:58:23
Jessica,tvui,movieDetails,,,2022-12-13 22:58:14
Jessica,tvui,search,,,2022-12-13 22:58:14
Jessica,tvui,search,,,2022-12-13 22:58:03
Jessica,tvui,movieDetails,,,2022-12-13 22:58:03
Jessica,tvui,browseTitles,,,2022-12-13 22:57:32
Jessica,tvui,search,,,2022-12-13 22:57:32
Jessica,www,playback,/watch/81382335?trackId=14170286,/watch/81382336?trackId=14170286,2022-12-13 16:28:43
Jessica,www,playback,/watch/81382336?trackId=14170286,/watch/81382337?trackId=155573559,2022-12-13 16:28:43
Jessica,www,playback,/watch/81037371?trackId=14170286&tctx=2%2C0%2Cb577071e-a18e-42d8-97d1-fe7c412f1a06-64550544%2CNES_EE132DB9970066CBC42E805AAE7689-B9F225DDE3A711-91C1C95E89_p_1670945826948%2CNES_EE132DB9970066CBC42E805AAE7689_p_1670945826948%2C%2C%2C%2C81037371,/watch/81382335?trackId=14170286,2022-12-13 15:57:28
Jessica,www,playback,/watch/81382335?trackId=14170286,/watch/81382336?trackId=14170286,2022-12-13 15:57:28
Jessica,www,browseTitles,/search?q=eu%20nunca,/browse,2022-12-13 15:37:14
Jessica,www,playback,/browse,/watch/81037371?trackId=14170286&tctx=2%2C0%2Cb577071e-a18e-42d8-97d1-fe7c412f1a06-64550544%2CNES_EE132DB9970066CBC42E805AAE7689-B9F225DDE3A711-91C1C95E89_p_1670945826948%2CNES_EE132DB9970066CBC42E805AAE7689_p_1670945826948%2C%2C%2C%2C81037371,2022-12-13 15:37:14
Jessica,www,playback,/browse,/watch/81037371?trackId=14170286&tctx=2%2C0%2Cb577071e-a18e-42d8-97d1-fe7c412f1a06-64550544%2CNES_EE132DB9970066CBC42E805AAE7689-B9F225DDE3A711-91C1C95E89_p_1670945826948%2CNES_EE132DB9970066CBC42E805AAE7689_p_1670945826948%2C%2C%2C%2C81037371,2022-12-13 15:37:14
Jessica,www,playback,/watch/81037371?trackId=14170286&tctx=2%2C0%2Cb577071e-a18e-42d8-97d1-fe7c412f1a06-64550544%2CNES_EE132DB9970066CBC42E805AAE7689-B9F225DDE3A711-91C1C95E89_p_1670945826948%2CNES_EE132DB9970066CBC42E805AAE7689_p_1670945826948%2C%2C%2C%2C81037371,/watch/81382335?trackId=14170286,2022-12-13 15:37:14
Jessica,www,search,/watch/81382335?trackId=14170286,/search?q=eu%20nunca,2022-12-13 15:37:06
Jessica,www,browseTitles,/search?q=eu%20nunca,/browse,2022-12-13 15:37:06
Jessica,www,playback,,/watch/81382335?trackId=14170286,2022-12-13 15:36:44
Jessica,www,search,/watch/81382335?trackId=14170286,/search?q=eu%20nunca,2022-12-13 15:36:44
Jessica,www,playback,/browse,/watch/81037371?trackId=14170286&tctx=7%2C0%2C60b842fa-ab39-4eeb-89ca-b477a1e5f7a5-18499026%2CNES_EE132DB9970066CBC42E805AAE7689-B9F225DDE3A711-65996FD146_p_1670944903521%2CNES_EE132DB9970066CBC42E805AAE7689_p_1670944903521%2C%2C%2C%2C81037371,2022-12-13 15:22:13
Jessica,www,playback,/browse,/watch/81037371?trackId=14170286&tctx=7%2C0%2C60b842fa-ab39-4eeb-89ca-b477a1e5f7a5-18499026%2CNES_EE132DB9970066CBC42E805AAE7689-B9F225DDE3A711-65996FD146_p_1670944903521%2CNES_EE132DB9970066CBC42E805AAE7689_p_1670944903521%2C%2C%2C%2C81037371,2022-12-13 15:22:13
Jessica,www,playback,/watch/81037371?trackId=14170286&tctx=7%2C0%2C60b842fa-ab39-4eeb-89ca-b477a1e5f7a5-18499026%2CNES_EE132DB9970066CBC42E805AAE7689-B9F225DDE3A711-65996FD146_p_1670944903521%2CNES_EE132DB9970066CBC42E805AAE7689_p_1670944903521%2C%2C%2C%2C81037371,/watch/81382335?trackId=14170286,2022-12-13 15:22:13
Jessica,www,browseTitles,/search?q=eu%20nunca,/browse,2022-12-13 15:22:12
Jessica,www,search,,/search?q=eu%20nunca,2022-12-13 15:21:43
Jessica,www,browseTitles,/search?q=eu%20nunca,/browse,2022-12-13 15:21:43
Jessica,tvui,movieDetails,,,2022-12-12 23:39:16
Jessica,tvui,playback,,,2022-12-12 23:39:16
Jessica,tvui,browseTitles,,,2022-12-12 23:39:13
Jessica,tvui,movieDetails,,,2022-12-12 23:39:13
Jessica,tvui,movieDetails,,,2022-12-12 17:34:03
Jessica,tvui,playback,,,2022-12-12 17:34:03
Jessica,tvui,browseTitles,,,2022-12-12 17:34:00
Jessica,tvui,movieDetails,,,2022-12-12 17:34:00
Jessica,tvui,movieDetails,,,2022-12-10 16:16:44
Jessica,tvui,browseTitles,,,2022-12-10 16:16:44
Jessica,tvui,playback,,,2022-12-10 16:16:39
Jessica,tvui,movieDetails,,,2022-12-10 16:16:39
Jessica,tvui,movieDetails,,,2022-12-10 16:16:26
Jessica,tvui,playback,,,2022-12-10 16:16:26
Jessica,tvui,postPlay,,,2022-12-10 16:16:08
Jessica,tvui,movieDetails,,,2022-12-10 16:16:08
Jessica,tvui,playback,,,2022-12-10 16:14:53
Jessica,tvui,postPlay,,,2022-12-10 16:14:53
Jessica,tvui,postPlay,,,2022-12-10 15:46:04
Jessica,tvui,playback,,,2022-12-10 15:46:04
Jessica,tvui,playback,,,2022-12-10 15:45:42
Jessica,tvui,postPlay,,,2022-12-10 15:45:42
Jessica,tvui,movieDetails,,,2022-12-10 15:35:15
Jessica,tvui,playback,,,2022-12-10 15:35:15
Jessica,tvui,browseTitles,,,2022-12-10 15:35:12
Jessica,tvui,movieDetails,,,2022-12-10 15:35:12
Jessica,tvui,postPlay,,,2022-12-08 16:50:51
Jessica,tvui,movieDetails,,,2022-12-08 16:50:51
Jessica,tvui,playback,,,2022-12-08 16:50:48
Jessica,tvui,postPlay,,,2022-12-08 16:50:48
Jessica,tvui,postPlay,,,2022-12-08 16:25:09
Jessica,tvui,playback,,,2022-12-08 16:25:09
Jessica,tvui,playback,,,2022-12-08 16:25:06
Jessica,tvui,postPlay,,,2022-12-08 16:25:06
Jessica,tvui,postPlay,,,2022-12-08 15:38:02
Jessica,tvui,playback,,,2022-12-08 15:38:02
Jessica,tvui,playback,,,2022-12-08 15:37:59
Jessica,tvui,postPlay,,,2022-12-08 15:37:59
Jessica,tvui,movieDetails,,,2022-12-08 15:30:32
Jessica,tvui,playback,,,2022-12-08 15:30:32
Jessica,tvui,browseTitles,,,2022-12-08 15:30:29
Jessica,tvui,movieDetails,,,2022-12-08 15:30:29
Jessica,android,browseTitles,,,2022-12-07 23:29:42
Jessica,android,search,,,2022-12-07 23:29:42
Jessica,android,profilesGate,,,2022-12-07 23:29:40
Jessica,android,browseTitles,,,2022-12-07 23:29:40
Jessica,www,search,,/search?q=eu%20nunca,2022-12-07 20:41:36
Jessica,www,browseTitles,/search?q=eu%20nunca,/browse,2022-12-07 20:41:36
Jessica,tvui,movieDetails,,,2022-12-07 16:46:48
Jessica,tvui,playback,,,2022-12-07 16:46:48
Jessica,tvui,browseTitles,,,2022-12-07 16:46:44
Jessica,tvui,movieDetails,,,2022-12-07 16:46:44
Jessica,android,playback,,,2022-12-07 16:02:32
Jessica,android,browseTitles,,,2022-12-07 16:02:32
Jessica,android,playback,,,2022-12-07 15:28:14
Jessica,android,browseTitles,,,2022-12-07 15:28:13
Jessica,android,profilesGate,,,2022-12-07 15:28:09
Jessica,android,browseTitles,,,2022-12-07 15:28:09
Jessica,tvui,movieDetails,,,2022-12-07 13:13:32
Jessica,tvui,playback,,,2022-12-07 13:13:32
Jessica,tvui,browseTitles,,,2022-12-07 13:13:29
Jessica,tvui,movieDetails,,,2022-12-07 13:13:29
Jessica,tvui,movieDetails,,,2022-12-07 01:24:26
Jessica,tvui,browseTitles,,,2022-12-07 01:24:26
Jessica,tvui,postPlay,,,2022-12-07 01:24:25
Jessica,tvui,movieDetails,,,2022-12-07 01:24:25
Jessica,tvui,playback,,,2022-12-07 01:24:21
Jessica,tvui,postPlay,,,2022-12-07 01:24:21
Jessica,tvui,movieDetails,,,2022-12-07 01:01:42
Jessica,tvui,playback,,,2022-12-07 01:01:42
Jessica,tvui,browseTitles,,,2022-12-07 01:01:35
Jessica,tvui,movieDetails,,,2022-12-07 01:01:35
Jessica,tvui,movieDetails,,,2022-12-07 00:56:27
Jessica,tvui,browseTitles,,,2022-12-07 00:56:27
Jessica,tvui,playback,,,2022-12-07 00:56:22
Jessica,tvui,movieDetails,,,2022-12-07 00:56:22
Jessica,tvui,postPlay,,,2022-12-07 00:52:36
Jessica,tvui,playback,,,2022-12-07 00:52:36
Jessica,tvui,playback,,,2022-12-07 00:52:14
Jessica,tvui,postPlay,,,2022-12-07 00:52:14
Jessica,tvui,movieDetails,,,2022-12-07 00:31:15
Jessica,tvui,playback,,,2022-12-07 00:31:15
Jessica,tvui,browseTitles,,,2022-12-07 00:31:12
Jessica,tvui,movieDetails,,,2022-12-07 00:31:12
Jessica,tvui,movieDetails,,,2022-12-07 00:31:05
Jessica,tvui,browseTitles,,,2022-12-07 00:31:05
Jessica,tvui,playback,,,2022-12-07 00:30:58
Jessica,tvui,movieDetails,,,2022-12-07 00:30:58
Jessica,tvui,movieDetails,,,2022-12-06 23:59:46
Jessica,tvui,playback,,,2022-12-06 23:59:46
Jessica,tvui,browseTitles,,,2022-12-06 23:59:42
Jessica,tvui,movieDetails,,,2022-12-06 23:59:42
Jessica,tvui,browseTitles,,,2022-12-06 23:59:31
Jessica,tvui,postPlay,,,2022-12-06 21:47:02
Jessica,tvui,movieDetails,,,2022-12-06 21:47:02
Jessica,tvui,playback,,,2022-12-06 21:46:58
Jessica,tvui,postPlay,,,2022-12-06 21:46:58
Jessica,tvui,postPlay,,,2022-12-06 21:24:24
Jessica,tvui,playback,,,2022-12-06 21:24:24
Jessica,tvui,playback,,,2022-12-06 21:24:01
Jessica,tvui,postPlay,,,2022-12-06 21:24:01
Jessica,tvui,postPlay,,,2022-12-06 20:59:03
Jessica,tvui,playback,,,2022-12-06 20:59:03
Jessica,tvui,playback,,,2022-12-06 20:58:41
Jessica,tvui,postPlay,,,2022-12-06 20:58:41
Jessica,tvui,movieDetails,,,2022-12-06 20:55:28
Jessica,tvui,playback,,,2022-12-06 20:55:28
Jessica,tvui,browseTitles,,,2022-12-06 20:55:24
Jessica,tvui,movieDetails,,,2022-12-06 20:55:24
Jessica,tvui,movieDetails,,,2022-12-06 20:55:19
Jessica,tvui,browseTitles,,,2022-12-06 20:55:19
Jessica,tvui,playback,,,2022-12-06 20:55:13
Jessica,tvui,movieDetails,,,2022-12-06 20:55:13
Jessica,tvui,postPlay,,,2022-12-06 20:37:57
Jessica,tvui,playback,,,2022-12-06 20:37:57
Jessica,tvui,playback,,,2022-12-06 20:37:35
Jessica,tvui,postPlay,,,2022-12-06 20:37:35
Jessica,tvui,postPlay,,,2022-12-06 20:10:13
Jessica,tvui,playback,,,2022-12-06 20:10:13
Jessica,tvui,playback,,,2022-12-06 20:09:51
Jessica,tvui,postPlay,,,2022-12-06 20:09:51
Jessica,tvui,movieDetails,,,2022-12-06 19:36:04
Jessica,tvui,playback,,,2022-12-06 19:36:04
Jessica,tvui,browseTitles,,,2022-12-06 19:36:00
Jessica,tvui,movieDetails,,,2022-12-06 19:36:00
Jessica,android,playback,,,2022-12-06 18:49:35
Jessica,android,browseTitles,,,2022-12-06 18:49:34
Jessica,android,profilesGate,,,2022-12-06 18:49:25
Jessica,android,browseTitles,,,2022-12-06 18:49:25
Jessica,tvui,postPlay,,,2022-12-06 16:42:47
Jessica,tvui,playback,,,2022-12-06 16:42:47
Jessica,tvui,playback,,,2022-12-06 16:42:25
Jessica,tvui,postPlay,,,2022-12-06 16:42:25
Jessica,tvui,movieDetails,,,2022-12-06 16:39:56
Jessica,tvui,playback,,,2022-12-06 16:39:56
Jessica,tvui,playback,,,2022-12-06 16:39:45
Jessica,tvui,movieDetails,,,2022-12-06 16:39:45
Jessica,tvui,postPlay,,,2022-12-06 16:09:07
Jessica,tvui,playback,,,2022-12-06 16:09:07
Jessica,tvui,playback,,,2022-12-06 16:08:45
Jessica,tvui,postPlay,,,2022-12-06 16:08:45
Jessica,android,browseTitles,,,2022-12-06 16:03:58
Jessica,android,playback,,,2022-12-06 16:03:58
Jessica,tvui,movieDetails,,,2022-12-06 15:53:10
Jessica,tvui,playback,,,2022-12-06 15:53:10
Jessica,tvui,browseTitles,,,2022-12-06 15:53:06
Jessica,tvui,movieDetails,,,2022-12-06 15:53:06
Jessica,android,playback,,,2022-12-06 15:36:21
Jessica,android,browseTitles,,,2022-12-06 15:36:20
Jessica,android,profilesGate,,,2022-12-06 15:36:12
Jessica,android,browseTitles,,,2022-12-06 15:36:12
Jessica,tvui,postPlay,,,2022-12-05 21:22:08
Jessica,tvui,playback,,,2022-12-05 21:22:08
Jessica,tvui,playback,,,2022-12-05 21:22:04
Jessica,tvui,postPlay,,,2022-12-05 21:22:04
Jessica,tvui,movieDetails,,,2022-12-05 21:19:52
Jessica,tvui,playback,,,2022-12-05 21:19:52
Jessica,tvui,browseTitles,,,2022-12-05 21:19:48
Jessica,tvui,movieDetails,,,2022-12-05 21:19:48
Jessica,tvui,movieDetails,,,2022-12-05 16:43:11
Jessica,tvui,playback,,,2022-12-05 16:43:11
Jessica,tvui,browseTitles,,,2022-12-05 16:43:09
Jessica,tvui,movieDetails,,,2022-12-05 16:43:09
Jessica,tvui,movieDetails,,,2022-12-05 16:43:00
Jessica,tvui,browseTitles,,,2022-12-05 16:43:00
Jessica,tvui,playback,,,2022-12-05 16:42:54
Jessica,tvui,movieDetails,,,2022-12-05 16:42:54
Jessica,tvui,movieDetails,,,2022-12-05 16:16:15
Jessica,tvui,playback,,,2022-12-05 16:16:15
Jessica,tvui,browseTitles,,,2022-12-05 16:16:13
Jessica,tvui,movieDetails,,,2022-12-05 16:16:13
Jessica,tvui,browseTitlesGallery,,,2022-12-05 16:15:38
Jessica,tvui,browseTitles,,,2022-12-05 16:15:38
Jessica,tvui,browseTitles,,,2022-12-05 16:14:22
Jessica,tvui,browseTitlesGallery,,,2022-12-05 16:14:22
Jessica,tvui,postPlay,,,2022-12-02 23:53:01
Jessica,tvui,movieDetails,,,2022-12-02 23:53:01
Jessica,tvui,playback,,,2022-12-02 23:52:51
Jessica,tvui,postPlay,,,2022-12-02 23:52:51
Jessica,tvui,movieDetails,,,2022-12-02 22:41:43
Jessica,tvui,playback,,,2022-12-02 22:41:43
Jessica,tvui,browseTitles,,,2022-12-02 22:41:40
Jessica,tvui,movieDetails,,,2022-12-02 22:41:40
Jessica,tvui,movieDetails,,,2022-12-02 16:07:22
Jessica,tvui,playback,,,2022-12-02 16:07:22
Jessica,tvui,myListGallery,,,2022-12-02 16:07:19
Jessica,tvui,movieDetails,,,2022-12-02 16:07:19
Jessica,tvui,browseTitles,,,2022-12-02 16:06:44
Jessica,tvui,myListGallery,,,2022-12-02 16:06:44
Jessica,www,search,/search?q=m%C3%A3os%20talentos,/search?q=m%C3%A3os%20talentosa,2022-12-02 15:58:55
Jessica,www,search,/search?q=m%C3%A3os%20talentosa,/search?q=m%C3%A3os%20talentosas,2022-12-02 15:58:55
Jessica,www,search,/search?q=m%C3%A3os%20talento,/search?q=m%C3%A3os%20talentos,2022-12-02 15:58:54
Jessica,www,search,/search?q=m%C3%A3os%20talentos,/search?q=m%C3%A3os%20talentoss,2022-12-02 15:58:54
Jessica,www,search,/search?q=m%C3%A3os%20talentos,/search?q=m%C3%A3os%20talentoss,2022-12-02 15:58:54
Jessica,www,search,/search?q=m%C3%A3os%20talentoss,/search?q=m%C3%A3os%20talentos,2022-12-02 15:58:54
Jessica,www,search,/search?q=m%C3%A3os%20talentoss,/search?q=m%C3%A3os%20talentos,2022-12-02 15:58:54
Jessica,www,search,/search?q=m%C3%A3os%20talentos,/search?q=m%C3%A3os%20talentosa,2022-12-02 15:58:54
Jessica,www,search,/search?q=m%C3%A3os%20tal,/search?q=m%C3%A3os%20ta,2022-12-02 15:58:53
Jessica,www,search,/search?q=m%C3%A3os%20ta,/search?q=m%C3%A3os%20tal,2022-12-02 15:58:53
Jessica,www,search,/search?q=m%C3%A3os%20ta,/search?q=m%C3%A3os%20tal,2022-12-02 15:58:53
Jessica,www,search,/search?q=m%C3%A3os%20tal,/search?q=m%C3%A3os%20tale,2022-12-02 15:58:53
Jessica,www,search,/search?q=m%C3%A3os%20tal,/search?q=m%C3%A3os%20tale,2022-12-02 15:58:53
Jessica,www,search,/search?q=m%C3%A3os%20tale,/search?q=m%C3%A3os%20talen,2022-12-02 15:58:53
Jessica,www,search,/search?q=m%C3%A3os%20tale,/search?q=m%C3%A3os%20talen,2022-12-02 15:58:53
Jessica,www,search,/search?q=m%C3%A3os%20talen,/search?q=m%C3%A3os%20talent,2022-12-02 15:58:53
Jessica,www,search,/search?q=m%C3%A3os%20talen,/search?q=m%C3%A3os%20talent,2022-12-02 15:58:53
Jessica,www,search,/search?q=m%C3%A3os%20talent,/search?q=m%C3%A3os%20talento,2022-12-02 15:58:53
Jessica,www,search,/search?q=m%C3%A3os%20talent,/search?q=m%C3%A3os%20talento,2022-12-02 15:58:53
Jessica,www,search,/search?q=m%C3%A3os%20talento,/search?q=m%C3%A3os%20talentos,2022-12-02 15:58:53
Jessica,www,search,/search?q=m%C3%A3os%20talte,/search?q=m%C3%A3os%20talt,2022-12-02 15:58:52
Jessica,www,search,/search?q=m%C3%A3os%20talt,/search?q=m%C3%A3os%20tal,2022-12-02 15:58:52
Jessica,www,search,/search?q=m%C3%A3os%20talt,/search?q=m%C3%A3os%20tal,2022-12-02 15:58:52
Jessica,www,search,/search?q=m%C3%A3os%20tal,/search?q=m%C3%A3os%20ta,2022-12-02 15:58:52
Jessica,www,search,/search?q=m%C3%A3os%20ta,/search?q=m%C3%A3os%20tal,2022-12-02 15:58:51
Jessica,www,search,/search?q=m%C3%A3os%20tal,/search?q=m%C3%A3os%20talt,2022-12-02 15:58:51
Jessica,www,search,/search?q=m%C3%A3os%20tal,/search?q=m%C3%A3os%20talt,2022-12-02 15:58:51
Jessica,www,search,/search?q=m%C3%A3os%20talt,/search?q=m%C3%A3os%20talte,2022-12-02 15:58:51
Jessica,www,search,/search?q=m%C3%A3os%20talt,/search?q=m%C3%A3os%20talte,2022-12-02 15:58:51
Jessica,www,search,/search?q=m%C3%A3os%20talte,/search?q=m%C3%A3os%20talten,2022-12-02 15:58:51
Jessica,www,search,/search?q=m%C3%A3os%20talte,/search?q=m%C3%A3os%20talten,2022-12-02 15:58:51
Jessica,www,search,/search?q=m%C3%A3os%20talten,/search?q=m%C3%A3os%20talte,2022-12-02 15:58:51
Jessica,www,search,/search?q=m%C3%A3os%20talten,/search?q=m%C3%A3os%20talte,2022-12-02 15:58:51
Jessica,www,search,/search?q=m%C3%A3os%20talte,/search?q=m%C3%A3os%20talt,2022-12-02 15:58:51
Jessica,www,search,/search?q=m%C3%A3,/search?q=m%C3%A3o,2022-12-02 15:58:50
Jessica,www,search,/search?q=m%C3%A3o,/search?q=m%C3%A3os,2022-12-02 15:58:50
Jessica,www,search,/search?q=m%C3%A3o,/search?q=m%C3%A3os,2022-12-02 15:58:50
Jessica,www,search,/search?q=m%C3%A3os,/search?q=m%C3%A3os%20,2022-12-02 15:58:50
Jessica,www,search,/search?q=m%C3%A3os,/search?q=m%C3%A3os%20,2022-12-02 15:58:50
Jessica,www,search,/search?q=m%C3%A3os%20,/search?q=m%C3%A3os%20t,2022-12-02 15:58:50
Jessica,www,search,/search?q=m%C3%A3os%20,/search?q=m%C3%A3os%20t,2022-12-02 15:58:50
Jessica,www,search,/search?q=m%C3%A3os%20t,/search?q=m%C3%A3os%20ta,2022-12-02 15:58:50
Jessica,www,search,/search?q=m%C3%A3os%20t,/search?q=m%C3%A3os%20ta,2022-12-02 15:58:50
Jessica,www,search,/search?q=m%C3%A3os%20ta,/search?q=m%C3%A3os%20tal,2022-12-02 15:58:50
Jessica,www,browseTitlesGallery,/search?q=servi%C3%A7o%20secreto,/browse/my-list,2022-12-02 15:58:49
Jessica,www,search,/browse/my-list,/search?q=m,2022-12-02 15:58:49
Jessica,www,search,/browse/my-list,/search?q=m,2022-12-02 15:58:49
Jessica,www,search,/search?q=m,/search?q=m%C3%A3,2022-12-02 15:58:49
Jessica,www,search,/search?q=m,/search?q=m%C3%A3,2022-12-02 15:58:49
Jessica,www,search,/search?q=m%C3%A3,/search?q=m%C3%A3o,2022-12-02 15:58:49
Jessica,www,search,/search?q=servi%C3%A7o%20secret,/search?q=servi%C3%A7o%20secreto,2022-12-02 15:58:07
Jessica,www,browseTitlesGallery,/search?q=servi%C3%A7o%20secreto,/browse/my-list,2022-12-02 15:58:07
Jessica,www,search,/search?q=servi%C3%A7o%20se,/search?q=servi%C3%A7o%20sec,2022-12-02 15:57:57
Jessica,www,search,/search?q=servi%C3%A7o%20sec,/search?q=servi%C3%A7o%20secr,2022-12-02 15:57:57
Jessica,www,search,/search?q=servi%C3%A7o%20sec,/search?q=servi%C3%A7o%20secr,2022-12-02 15:57:57
Jessica,www,search,/search?q=servi%C3%A7o%20secr,/search?q=servi%C3%A7o%20secre,2022-12-02 15:57:57
Jessica,www,search,/search?q=servi%C3%A7o%20secr,/search?q=servi%C3%A7o%20secre,2022-12-02 15:57:57
Jessica,www,search,/search?q=servi%C3%A7o%20secre,/search?q=servi%C3%A7o%20secret,2022-12-02 15:57:57
Jessica,www,search,/search?q=servi%C3%A7o%20secre,/search?q=servi%C3%A7o%20secret,2022-12-02 15:57:57
Jessica,www,search,/search?q=servi%C3%A7o%20secret,/search?q=servi%C3%A7o%20secreto,2022-12-02 15:57:57
Jessica,www,search,/search?q=servi%C3%A7,/search?q=servi%C3%A7o,2022-12-02 15:57:56
Jessica,www,search,/search?q=servi%C3%A7o,/search?q=servi%C3%A7o%20,2022-12-02 15:57:56
Jessica,www,search,/search?q=servi%C3%A7o,/search?q=servi%C3%A7o%20,2022-12-02 15:57:56
Jessica,www,search,/search?q=servi%C3%A7o%20,/search?q=servi%C3%A7o%20s,2022-12-02 15:57:56
Jessica,www,search,/search?q=servi%C3%A7o%20,/search?q=servi%C3%A7o%20s,2022-12-02 15:57:56
Jessica,www,search,/search?q=servi%C3%A7o%20s,/search?q=servi%C3%A7o%20se,2022-12-02 15:57:56
Jessica,www,search,/search?q=servi%C3%A7o%20s,/search?q=servi%C3%A7o%20se,2022-12-02 15:57:56
Jessica,www,search,/search?q=servi%C3%A7o%20se,/search?q=servi%C3%A7o%20sec,2022-12-02 15:57:56
Jessica,www,search,/browse/genre/34399,/search?q=s,2022-12-02 15:57:55
Jessica,www,search,/search?q=s,/search?q=se,2022-12-02 15:57:55
Jessica,www,search,/search?q=s,/search?q=se,2022-12-02 15:57:55
Jessica,www,search,/search?q=se,/search?q=ser,2022-12-02 15:57:55
Jessica,www,search,/search?q=se,/search?q=ser,2022-12-02 15:57:55
Jessica,www,search,/search?q=ser,/search?q=serv,2022-12-02 15:57:55
Jessica,www,search,/search?q=ser,/search?q=serv,2022-12-02 15:57:55
Jessica,www,search,/search?q=serv,/search?q=servi,2022-12-02 15:57:55
Jessica,www,search,/search?q=serv,/search?q=servi,2022-12-02 15:57:55
Jessica,www,search,/search?q=servi,/search?q=servi%C3%A7,2022-12-02 15:57:55
Jessica,www,search,/search?q=servi,/search?q=servi%C3%A7,2022-12-02 15:57:55
Jessica,www,search,/search?q=servi%C3%A7,/search?q=servi%C3%A7o,2022-12-02 15:57:55
Jessica,www,browseTitlesGallery,/browse/m/person/20015853,/browse/genre/34399,2022-12-02 15:57:54
Jessica,www,search,/browse/genre/34399,/search?q=s,2022-12-02 15:57:54
Jessica,www,browseTitlesGalleryOverlay,/browse/genre/34399?jbv=80993331,/browse/m/person/20015853,2022-12-02 15:57:49
Jessica,www,browseTitlesGallery,/browse/m/person/20015853,/browse/genre/34399,2022-12-02 15:57:49
Jessica,www,movieDetails,/browse/genre/34399,/browse/genre/34399?jbv=80993331,2022-12-02 15:57:16
Jessica,www,browseTitlesGalleryOverlay,/browse/genre/34399?jbv=80993331,/browse/m/person/20015853,2022-12-02 15:57:16
Jessica,www,browseTitlesGallery,/watch/80993331?trackId=250311396&tctx=1%2C2%2Cd83fb8dd-15ed-4d5d-80f6-4c6bbd123576-65242188%2CNES_F2A58AD5BEC57BDB6A48843D2412FC-14537E7E009087-B110EA15E4_p_1669996534242%2CNES_F2A58AD5BEC57BDB6A48843D2412FC_p_1669996534242%2C%2C%2C%2C80993331,/browse/genre/34399,2022-12-02 15:56:38
Jessica,www,browseTitlesGallery,/browse/genre/34399,/browse/genre/34399?jbv=80993331,2022-12-02 15:56:38
Jessica,www,playback,/browse/genre/34399,/watch/80993331?trackId=250311396&tctx=1%2C2%2Cd83fb8dd-15ed-4d5d-80f6-4c6bbd123576-65242188%2CNES_F2A58AD5BEC57BDB6A48843D2412FC-14537E7E009087-B110EA15E4_p_1669996534242%2CNES_F2A58AD5BEC57BDB6A48843D2412FC_p_1669996534242%2C%2C%2C%2C80993331,2022-12-02 15:56:29
Jessica,www,browseTitlesGallery,/watch/80993331?trackId=250311396&tctx=1%2C2%2Cd83fb8dd-15ed-4d5d-80f6-4c6bbd123576-65242188%2CNES_F2A58AD5BEC57BDB6A48843D2412FC-14537E7E009087-B110EA15E4_p_1669996534242%2CNES_F2A58AD5BEC57BDB6A48843D2412FC_p_1669996534242%2C%2C%2C%2C80993331,/browse/genre/34399,2022-12-02 15:56:29
Jessica,www,playback,/browse/genre/34399,/watch/80993331?trackId=250311396&tctx=1%2C2%2Cd83fb8dd-15ed-4d5d-80f6-4c6bbd123576-65242188%2CNES_F2A58AD5BEC57BDB6A48843D2412FC-14537E7E009087-B110EA15E4_p_1669996534242%2CNES_F2A58AD5BEC57BDB6A48843D2412FC_p_1669996534242%2C%2C%2C%2C80993331,2022-12-02 15:56:27
Jessica,www,browseTitlesGallery,/browse,/browse/genre/34399,2022-12-02 15:56:26
Jessica,www,browseTitles,https://www.google.com/,/browse,2022-12-02 15:55:34
Jessica,www,browseTitlesGallery,/browse,/browse/genre/34399,2022-12-02 15:55:34
Jessica,tvui,movieDetails,,,2022-12-02 01:20:37
Jessica,tvui,playback,,,2022-12-02 01:20:37
Jessica,tvui,browseTitles,,,2022-12-02 01:20:34
Jessica,tvui,movieDetails,,,2022-12-02 01:20:34
Jessica,tvui,movieDetails,,,2022-12-02 01:04:16
Jessica,tvui,playback,,,2022-12-02 01:04:16
Jessica,tvui,browseTitlesGallery,,,2022-12-02 01:04:13
Jessica,tvui,movieDetails,,,2022-12-02 01:04:13
Jessica,tvui,browseTitles,,,2022-12-02 01:03:12
Jessica,tvui,browseTitlesGallery,,,2022-12-02 01:03:12
Jessica,tvui,postPlay,,,2022-12-02 00:42:11
Jessica,tvui,playback,,,2022-12-02 00:42:11
Jessica,tvui,playback,,,2022-12-02 00:41:49
Jessica,tvui,postPlay,,,2022-12-02 00:41:49
Jessica,tvui,movieDetails,,,2022-12-02 00:15:15
Jessica,tvui,playback,,,2022-12-02 00:15:15
Jessica,tvui,browseTitles,,,2022-12-02 00:15:13
Jessica,tvui,movieDetails,,,2022-12-02 00:15:13
Jessica,tvui,movieDetails,,,2022-12-02 00:14:19
Jessica,tvui,browseTitles,,,2022-12-02 00:14:19
Jessica,tvui,browseTitles,,,2022-12-02 00:14:15
Jessica,tvui,movieDetails,,,2022-12-02 00:14:15
Jessica,tvui,postPlay,,,2022-12-01 16:17:42
Jessica,tvui,playback,,,2022-12-01 16:17:42
Jessica,tvui,playback,,,2022-12-01 16:17:35
Jessica,tvui,postPlay,,,2022-12-01 16:17:35
Jessica,tvui,movieDetails,,,2022-12-01 15:43:39
Jessica,tvui,playback,,,2022-12-01 15:43:39
Jessica,tvui,browseTitles,,,2022-12-01 15:43:36
Jessica,tvui,movieDetails,,,2022-12-01 15:43:36
Jessica,android,search,,,2022-12-01 00:37:58
Jessica,android,browseTitles,,,2022-12-01 00:37:57
Jessica,android,profilesGate,,,2022-12-01 00:37:57
Jessica,android,browseTitles,,,2022-12-01 00:37:57
Jessica,tvui,playback,,,2022-11-30 00:48:48
Jessica,tvui,movieDetails,,,2022-11-30 00:48:48
Jessica,tvui,movieDetails,,,2022-11-29 23:45:13
Jessica,tvui,playback,,,2022-11-29 23:45:13
Jessica,tvui,playback,,,2022-11-29 23:45:04
Jessica,tvui,movieDetails,,,2022-11-29 23:45:04
Jessica,tvui,movieDetails,,,2022-11-29 23:27:18
Jessica,tvui,playback,,,2022-11-29 23:27:18
Jessica,tvui,browseTitles,,,2022-11-29 23:27:16
Jessica,tvui,movieDetails,,,2022-11-29 23:27:16
Jessica,tvui,movieDetails,,,2022-11-29 16:26:31
Jessica,tvui,playback,,,2022-11-29 16:26:31
Jessica,tvui,browseTitles,,,2022-11-29 16:26:29
Jessica,tvui,movieDetails,,,2022-11-29 16:26:29
Jessica,tvui,movieDetails,,,2022-11-29 16:26:26
Jessica,tvui,browseTitles,,,2022-11-29 16:26:26
Jessica,tvui,browseTitles,,,2022-11-29 16:26:23
Jessica,tvui,movieDetails,,,2022-11-29 16:26:23
Jessica,tvui,postPlay,,,2022-11-29 03:35:35
Jessica,tvui,movieDetails,,,2022-11-29 03:35:35
Jessica,tvui,playback,,,2022-11-29 03:31:47
Jessica,tvui,postPlay,,,2022-11-29 03:31:47
Jessica,tvui,movieDetails,,,2022-11-29 01:49:33
Jessica,tvui,playback,,,2022-11-29 01:49:33
Jessica,tvui,browseTitlesGallery,,,2022-11-29 01:49:30
Jessica,tvui,movieDetails,,,2022-11-29 01:49:30
Jessica,tvui,search,,,2022-11-29 01:48:17
Jessica,tvui,browseTitlesGallery,,,2022-11-29 01:48:17
Jessica,android,search,,,2022-11-29 01:47:42
Jessica,android,browseTitlesGallery,,,2022-11-29 01:46:22
Jessica,android,search,,,2022-11-29 01:46:22
Jessica,android,browseTitlesGallery,,,2022-11-29 01:44:55
Jessica,android,browseTitlesGallery,,,2022-11-29 01:44:55
Jessica,android,search,,,2022-11-29 01:44:28
Jessica,android,browseTitlesGallery,,,2022-11-29 01:44:28
Jessica,android,browseTitlesGallery,,,2022-11-29 01:43:53
Jessica,android,search,,,2022-11-29 01:43:53
Jessica,android,browseTitlesGallery,,,2022-11-29 01:42:44
Jessica,android,browseTitlesGallery,,,2022-11-29 01:42:44
Jessica,android,browseTitles,,,2022-11-29 01:42:37
Jessica,android,browseTitlesGallery,,,2022-11-29 01:42:37
Jessica,android,search,,,2022-11-29 01:42:34
Jessica,android,browseTitles,,,2022-11-29 01:42:34
Jessica,android,movieDetails,,,2022-11-29 01:42:23
Jessica,android,search,,,2022-11-29 01:42:23
Jessica,android,search,,,2022-11-29 01:42:18
Jessica,android,movieDetails,,,2022-11-29 01:42:18
Jessica,android,search,,,2022-11-29 01:42:00
Jessica,android,browseTitles,,,2022-11-29 01:41:59
Jessica,android,search,,,2022-11-29 01:41:56
Jessica,android,browseTitles,,,2022-11-29 01:41:56
Jessica,android,browseTitles,,,2022-11-29 01:41:38
Jessica,android,search,,,2022-11-29 01:41:38
Jessica,android,profilesGate,,,2022-11-29 01:41:35
Jessica,android,browseTitles,,,2022-11-29 01:41:35
Jessica,tvui,browseTitlesGallery,,,2022-11-29 01:41:09
Jessica,tvui,search,,,2022-11-29 01:41:09
Jessica,tvui,movieDetails,,,2022-11-29 01:40:38
Jessica,tvui,browseTitlesGallery,,,2022-11-29 01:40:38
Jessica,tvui,playback,,,2022-11-29 01:40:33
Jessica,tvui,movieDetails,,,2022-11-29 01:40:33
Jessica,tvui,playback,,,2022-11-29 01:36:34
Jessica,tvui,movieDetails,,,2022-11-29 01:36:34
Jessica,tvui,browseTitlesGallery,,,2022-11-29 01:36:30
Jessica,tvui,movieDetails,,,2022-11-29 01:36:30
Jessica,tvui,search,,,2022-11-29 01:36:15
Jessica,tvui,browseTitlesGallery,,,2022-11-29 01:36:15
Jessica,tvui,browseTitles,,,2022-11-29 01:34:57
Jessica,tvui,search,,,2022-11-29 01:34:57
Jessica,tvui,movieDetails,,,2022-11-29 01:32:11
Jessica,tvui,browseTitles,,,2022-11-29 01:32:11
Jessica,tvui,browseTitles,,,2022-11-29 01:32:08
Jessica,tvui,movieDetails,,,2022-11-29 01:32:08
Jessica,tvui,movieDetails,,,2022-11-27 15:57:08
Jessica,tvui,playback,,,2022-11-27 15:57:08
Jessica,tvui,browseTitlesGallery,,,2022-11-27 15:57:06
Jessica,tvui,movieDetails,,,2022-11-27 15:57:06
Jessica,tvui,browseTitles,,,2022-11-27 15:53:50
Jessica,tvui,browseTitlesGallery,,,2022-11-27 15:53:50
Jessica,tvui,postPlay,,,2022-11-27 03:07:30
Jessica,tvui,movieDetails,,,2022-11-27 03:07:30
Jessica,tvui,playback,,,2022-11-27 03:07:22
Jessica,tvui,postPlay,,,2022-11-27 03:07:22
Jessica,tvui,movieDetails,,,2022-11-27 02:40:32
Jessica,tvui,playback,,,2022-11-27 02:40:32
Jessica,tvui,browseTitles,,,2022-11-27 02:40:29
Jessica,tvui,movieDetails,,,2022-11-27 02:40:29
Jessica,tvui,movieDetails,,,2022-11-26 22:22:33
Jessica,tvui,playback,,,2022-11-26 22:22:33
Jessica,tvui,search,,,2022-11-26 22:22:26
Jessica,tvui,movieDetails,,,2022-11-26 22:22:26
Jessica,tvui,movieDetails,,,2022-11-26 22:22:03
Jessica,tvui,search,,,2022-11-26 22:22:03
Jessica,tvui,playback,,,2022-11-26 22:21:57
Jessica,tvui,movieDetails,,,2022-11-26 22:21:57
Jessica,tvui,movieDetails,,,2022-11-26 21:32:49
Jessica,tvui,playback,,,2022-11-26 21:32:49
Jessica,tvui,search,,,2022-11-26 21:32:43
Jessica,tvui,movieDetails,,,2022-11-26 21:32:43
Jessica,tvui,movieDetails,,,2022-11-26 21:32:25
Jessica,tvui,search,,,2022-11-26 21:32:25
Jessica,tvui,search,,,2022-11-26 21:32:18
Jessica,tvui,movieDetails,,,2022-11-26 21:32:18
Jessica,tvui,browseTitles,,,2022-11-26 21:31:56
Jessica,tvui,search,,,2022-11-26 21:31:56
Jessica,android,search,,,2022-11-26 21:31:14
Jessica,android,browseTitles,,,2022-11-26 21:31:03
Jessica,android,search,,,2022-11-26 21:31:03
Jessica,android,profilesGate,,,2022-11-26 21:31:01
Jessica,android,browseTitles,,,2022-11-26 21:31:01
Jessica,tvui,errorDialog,,,2022-11-26 21:18:11
Jessica,android,browseTitles,,,2022-11-26 21:17:58
Jessica,android,profilesGate,,,2022-11-26 21:17:57
Jessica,android,search,,,2022-11-25 22:54:10
Jessica,android,browseTitles,,,2022-11-25 22:54:09
Jessica,android,profilesGate,,,2022-11-25 22:54:05
Jessica,android,browseTitles,,,2022-11-25 22:54:05
Jessica,tvui,movieDetails,,,2022-11-25 20:56:02
Jessica,tvui,playback,,,2022-11-25 20:56:02
Jessica,tvui,browseTitles,,,2022-11-25 20:55:52
Jessica,tvui,movieDetails,,,2022-11-25 20:55:51
Jessica,tvui,playback,,,2022-11-25 16:44:18
Jessica,tvui,postPlay,,,2022-11-25 16:44:17
Jessica,tvui,playback,,,2022-11-25 16:44:10
Jessica,tvui,postPlay,,,2022-11-25 16:44:10
Jessica,tvui,movieDetails,,,2022-11-25 16:07:16
Jessica,tvui,playback,,,2022-11-25 16:07:16
Jessica,tvui,browseTitles,,,2022-11-25 16:07:13
Jessica,tvui,movieDetails,,,2022-11-25 16:07:13
Jessica,tvui,postPlay,,,2022-11-25 01:36:58
Jessica,tvui,playback,,,2022-11-25 01:36:58
Jessica,tvui,playback,,,2022-11-25 01:36:36
Jessica,tvui,postPlay,,,2022-11-25 01:36:36
Jessica,tvui,movieDetails,,,2022-11-25 00:43:17
Jessica,tvui,playback,,,2022-11-25 00:43:17
Jessica,tvui,postPlay,,,2022-11-25 00:43:12
Jessica,tvui,movieDetails,,,2022-11-25 00:43:12
Jessica,tvui,playback,,,2022-11-25 00:43:09
Jessica,tvui,postPlay,,,2022-11-25 00:43:09
Jessica,tvui,movieDetails,,,2022-11-24 23:55:19
Jessica,tvui,playback,,,2022-11-24 23:55:19
Jessica,tvui,browseTitles,,,2022-11-24 23:55:16
Jessica,tvui,movieDetails,,,2022-11-24 23:55:16
Jessica,tvui,postPlay,,,2022-11-24 18:51:07
Jessica,tvui,playback,,,2022-11-24 18:51:07
Jessica,tvui,playback,,,2022-11-24 18:50:44
Jessica,tvui,postPlay,,,2022-11-24 18:50:44
Jessica,tvui,movieDetails,,,2022-11-24 18:50:03
Jessica,tvui,playback,,,2022-11-24 18:50:03
Jessica,tvui,movieDetails,,,2022-11-24 18:49:59
Jessica,tvui,browseTitles,,,2022-11-24 18:49:58
Jessica,tvui,movieDetails,,,2022-11-24 15:46:20
Jessica,tvui,playback,,,2022-11-24 15:46:20
Jessica,tvui,postPlay,,,2022-11-24 15:46:16
Jessica,tvui,movieDetails,,,2022-11-24 15:46:16
Jessica,tvui,playback,,,2022-11-24 15:46:11
Jessica,tvui,postPlay,,,2022-11-24 15:46:11
Jessica,tvui,movieDetails,,,2022-11-24 15:36:41
Jessica,tvui,playback,,,2022-11-24 15:36:41
Jessica,tvui,browseTitles,,,2022-11-24 15:36:37
Jessica,tvui,movieDetails,,,2022-11-24 15:36:37
Jessica,tvui,postPlay,,,2022-11-24 00:44:11
Jessica,tvui,playback,,,2022-11-24 00:44:11
Jessica,tvui,playback,,,2022-11-24 00:44:09
Jessica,tvui,postPlay,,,2022-11-24 00:44:09
Jessica,tvui,postPlay,,,2022-11-23 23:42:50
Jessica,tvui,playback,,,2022-11-23 23:42:50
Jessica,tvui,playback,,,2022-11-23 23:42:46
Jessica,tvui,postPlay,,,2022-11-23 23:42:46
Jessica,tvui,movieDetails,,,2022-11-23 22:44:45
Jessica,tvui,playback,,,2022-11-23 22:44:45
Jessica,tvui,browseTitles,,,2022-11-23 22:44:41
Jessica,tvui,movieDetails,,,2022-11-23 22:44:41
Jessica,tvui,search,,,2022-11-23 22:44:25
Jessica,tvui,browseTitles,,,2022-11-23 22:44:25
Jessica,tvui,movieDetails,,,2022-11-23 22:44:13
Jessica,tvui,search,,,2022-11-23 22:44:13
Jessica,tvui,playback,,,2022-11-23 22:44:10
Jessica,tvui,movieDetails,,,2022-11-23 22:44:10
Jessica,tvui,movieDetails,,,2022-11-23 22:38:44
Jessica,tvui,playback,,,2022-11-23 22:38:44
Jessica,tvui,search,,,2022-11-23 22:38:35
Jessica,tvui,movieDetails,,,2022-11-23 22:38:35
Jessica,tvui,browseTitles,,,2022-11-23 22:37:00
Jessica,tvui,search,,,2022-11-23 22:37:00
Jessica,tvui,playback,,,2022-11-23 04:08:57
Jessica,tvui,movieDetails,,,2022-11-23 04:08:57
Jessica,tvui,postPlay,,,2022-11-23 02:54:11
Jessica,tvui,playback,,,2022-11-23 02:54:11
Jessica,tvui,playback,,,2022-11-23 02:53:49
Jessica,tvui,postPlay,,,2022-11-23 02:53:49
Jessica,tvui,movieDetails,,,2022-11-23 02:32:10
Jessica,tvui,playback,,,2022-11-23 02:32:10
Jessica,tvui,browseTitles,,,2022-11-23 02:30:17
Jessica,tvui,movieDetails,,,2022-11-23 02:30:17
Jessica,tvui,postPlay,,,2022-11-22 23:04:41
Jessica,tvui,playback,,,2022-11-22 23:04:41
Jessica,tvui,playback,,,2022-11-22 23:04:19
Jessica,tvui,postPlay,,,2022-11-22 23:04:19
Jessica,tvui,movieDetails,,,2022-11-22 22:00:32
Jessica,tvui,playback,,,2022-11-22 22:00:32
Jessica,tvui,browseTitles,,,2022-11-22 22:00:27
Jessica,tvui,movieDetails,,,2022-11-22 22:00:27
Jessica,tvui,postPlay,,,2022-11-22 01:27:38
Jessica,tvui,movieDetails,,,2022-11-22 01:27:38
Jessica,tvui,playback,,,2022-11-22 01:27:33
Jessica,tvui,postPlay,,,2022-11-22 01:27:33
Jessica,tvui,movieDetails,,,2022-11-22 00:50:20
Jessica,tvui,playback,,,2022-11-22 00:50:20
Jessica,tvui,browseTitles,,,2022-11-22 00:50:16
Jessica,tvui,movieDetails,,,2022-11-22 00:50:16
Jessica,tvui,movieDetails,,,2022-11-22 00:43:02
Jessica,tvui,browseTitles,,,2022-11-22 00:43:02
Jessica,tvui,postPlay,,,2022-11-22 00:42:57
Jessica,tvui,movieDetails,,,2022-11-22 00:42:57
Jessica,tvui,playback,,,2022-11-22 00:42:43
Jessica,tvui,postPlay,,,2022-11-22 00:42:43
Jessica,tvui,movieDetails,,,2022-11-22 00:07:09
Jessica,tvui,playback,,,2022-11-22 00:07:09
Jessica,tvui,browseTitles,,,2022-11-22 00:07:05
Jessica,tvui,movieDetails,,,2022-11-22 00:07:05
Jessica,tvui,postPlay,,,2022-11-21 00:59:09
Jessica,tvui,movieDetails,,,2022-11-21 00:59:09
Jessica,tvui,playback,,,2022-11-21 00:59:03
Jessica,tvui,postPlay,,,2022-11-21 00:59:03
Jessica,tvui,movieDetails,,,2022-11-21 00:31:22
Jessica,tvui,playback,,,2022-11-21 00:31:22
Jessica,tvui,browseTitles,,,2022-11-21 00:31:19
Jessica,tvui,movieDetails,,,2022-11-21 00:31:19
Jessica,tvui,movieDetails,,,2022-11-20 20:23:51
Jessica,tvui,playback,,,2022-11-20 20:23:51
Jessica,tvui,browseTitles,,,2022-11-20 20:23:48
Jessica,tvui,movieDetails,,,2022-11-20 20:23:48
Jessica,tvui,movieDetails,,,2022-11-20 20:23:41
Jessica,tvui,browseTitles,,,2022-11-20 20:23:41
Jessica,tvui,playback,,,2022-11-20 20:23:37
Jessica,tvui,movieDetails,,,2022-11-20 20:23:37
Jessica,tvui,movieDetails,,,2022-11-20 20:23:34
Jessica,tvui,playback,,,2022-11-20 20:23:34
Jessica,tvui,browseTitles,,,2022-11-20 20:23:31
Jessica,tvui,movieDetails,,,2022-11-20 20:23:31
Jessica,tvui,movieDetails,,,2022-11-20 01:52:17
Jessica,tvui,playback,,,2022-11-20 01:52:17
Jessica,tvui,search,,,2022-11-20 01:52:14
Jessica,tvui,movieDetails,,,2022-11-20 01:52:14
Jessica,tvui,browseTitles,,,2022-11-20 01:51:52
Jessica,tvui,search,,,2022-11-20 01:51:52
Jessica,tvui,movieDetails,,,2022-11-16 02:07:59
Jessica,tvui,playback,,,2022-11-16 02:07:59
Jessica,tvui,browseTitles,,,2022-11-16 02:07:52
Jessica,tvui,movieDetails,,,2022-11-16 02:07:52
Jessica,tvui,movieDetails,,,2022-11-16 02:06:07
Jessica,tvui,browseTitles,,,2022-11-16 02:06:07
Jessica,tvui,playback,,,2022-11-16 02:06:03
Jessica,tvui,movieDetails,,,2022-11-16 02:06:03
Jessica,tvui,movieDetails,,,2022-11-16 02:02:16
Jessica,tvui,playback,,,2022-11-16 02:02:16
Jessica,tvui,browseTitles,,,2022-11-16 02:02:12
Jessica,tvui,movieDetails,,,2022-11-16 02:02:12
Jessica,android,webLink,,,2022-11-15 19:52:05
Jessica,android,accountMenu,,,2022-11-15 19:52:04
Jessica,android,settings,,,2022-11-15 19:52:03
Jessica,android,accountMenu,,,2022-11-15 19:52:03
Jessica,android,cachedVideos,,,2022-11-15 19:51:53
Jessica,android,settings,,,2022-11-15 19:51:53
Jessica,android,settings,,,2022-11-15 19:51:50
Jessica,android,cachedVideos,,,2022-11-15 19:51:50
Jessica,android,cachedVideos,,,2022-11-15 19:51:50
Jessica,android,cachedVideos,,,2022-11-15 19:51:50
Jessica,android,accountMenu,,,2022-11-15 19:51:41
Jessica,android,settings,,,2022-11-15 19:51:41
Jessica,android,accountMenu,,,2022-11-15 19:51:37
Jessica,android,browseTitles,,,2022-11-15 19:51:36
Jessica,android,profilesGate,,,2022-11-15 19:51:33
Jessica,android,browseTitles,,,2022-11-15 19:51:33
Jessica,android,playback,,,2022-11-14 14:21:28
Jessica,android,browseTitles,,,2022-11-14 14:21:27
Jessica,android,profilesGate,,,2022-11-14 14:21:23
Jessica,android,browseTitles,,,2022-11-14 14:21:23
Jessica,tvui,playback,,,2022-11-14 02:39:15
Jessica,tvui,movieDetails,,,2022-11-14 02:39:15
Jessica,tvui,movieDetails,,,2022-11-14 01:13:10
Jessica,tvui,playback,,,2022-11-14 01:13:10
Jessica,tvui,search,,,2022-11-14 01:13:07
Jessica,tvui,movieDetails,,,2022-11-14 01:13:07
Jessica,tvui,browseTitles,,,2022-11-14 01:12:48
Jessica,tvui,search,,,2022-11-14 01:12:48
Jessica,tvui,profilesGate,,,2022-11-14 01:12:41
Jessica,tvui,browseTitles,,,2022-11-14 01:12:41
Jessica,tvui,browseTitles,,,2022-11-14 01:12:39
Jessica,tvui,profilesGate,,,2022-11-14 01:12:39
Jessica,android,playback,,,2022-11-14 01:12:14
Jessica,android,browseTitles,,,2022-11-14 01:12:14
Jessica,android,playback,,,2022-11-14 01:12:09
Jessica,android,browseTitles,,,2022-11-14 01:12:08
Jessica,android,profilesGate,,,2022-11-14 01:10:49
Jessica,android,browseTitles,,,2022-11-14 01:10:49
Jessica,tvui,movieDetails,,,2022-11-13 19:01:02
Jessica,tvui,playback,,,2022-11-13 19:01:02
Jessica,tvui,browseTitles,,,2022-11-13 19:00:59
Jessica,tvui,movieDetails,,,2022-11-13 19:00:59
Jessica,tvui,playback,,,2022-11-13 17:42:59
Jessica,tvui,movieDetails,,,2022-11-13 17:42:59
Jessica,tvui,movieDetails,,,2022-11-13 17:03:02
Jessica,tvui,playback,,,2022-11-13 17:03:02
Jessica,tvui,browseTitles,,,2022-11-13 17:02:59
Jessica,tvui,movieDetails,,,2022-11-13 17:02:59
Jessica,android,browseTitles,,,2022-11-12 15:41:02
Jessica,android,playback,,,2022-11-12 15:41:02
Jessica,android,playback,,,2022-11-12 15:41:01
Jessica,android,browseTitles,,,2022-11-12 15:41:01
Jessica,android,browseTitles,,,2022-11-12 15:23:14
Jessica,android,playback,,,2022-11-12 15:23:14
Jessica,android,profilesGate,,,2022-11-12 15:23:07
Jessica,android,browseTitles,,,2022-11-12 15:23:07
Jessica,tvui,movieDetails,,,2022-11-12 01:41:29
Jessica,tvui,playback,,,2022-11-12 01:41:29
Jessica,tvui,browseTitles,,,2022-11-12 01:41:25
Jessica,tvui,movieDetails,,,2022-11-12 01:41:25
Jessica,tvui,movieDetails,,,2022-11-12 01:38:29
Jessica,tvui,browseTitles,,,2022-11-12 01:38:29
Jessica,tvui,postPlay,,,2022-11-12 01:38:28
Jessica,tvui,movieDetails,,,2022-11-12 01:38:28
Jessica,tvui,playback,,,2022-11-12 01:38:23
Jessica,tvui,postPlay,,,2022-11-12 01:38:23
Jessica,tvui,movieDetails,,,2022-11-12 00:42:08
Jessica,tvui,playback,,,2022-11-12 00:42:08
Jessica,tvui,postPlay,,,2022-11-12 00:42:04
Jessica,tvui,movieDetails,,,2022-11-12 00:42:04
Jessica,tvui,playback,,,2022-11-12 00:42:00
Jessica,tvui,postPlay,,,2022-11-12 00:42:00
Jessica,tvui,postPlay,,,2022-11-11 23:26:12
Jessica,tvui,playback,,,2022-11-11 23:26:12
Jessica,tvui,playback,,,2022-11-11 23:25:51
Jessica,tvui,postPlay,,,2022-11-11 23:25:51
Jessica,tvui,movieDetails,,,2022-11-11 22:39:15
Jessica,tvui,playback,,,2022-11-11 22:39:15
Jessica,tvui,browseTitles,,,2022-11-11 22:39:10
Jessica,tvui,movieDetails,,,2022-11-11 22:39:10
Jessica,tvui,postPlay,,,2022-11-11 17:01:08
Jessica,tvui,playback,,,2022-11-11 17:01:08
Jessica,tvui,playback,,,2022-11-11 17:00:46
Jessica,tvui,postPlay,,,2022-11-11 17:00:46
Jessica,tvui,postPlay,,,2022-11-11 16:06:03
Jessica,tvui,playback,,,2022-11-11 16:06:03
Jessica,tvui,playback,,,2022-11-11 16:05:40
Jessica,tvui,postPlay,,,2022-11-11 16:05:40
Jessica,tvui,movieDetails,,,2022-11-11 15:42:24
Jessica,tvui,playback,,,2022-11-11 15:42:24
Jessica,tvui,browseTitles,,,2022-11-11 15:42:21
Jessica,tvui,movieDetails,,,2022-11-11 15:42:21
Jessica,tvui,playback,,,2022-11-11 01:24:03
Jessica,tvui,movieDetails,,,2022-11-11 01:24:03
Jessica,tvui,postPlay,,,2022-11-11 00:49:57
Jessica,tvui,playback,,,2022-11-11 00:49:57
Jessica,tvui,playback,,,2022-11-11 00:49:51
Jessica,tvui,postPlay,,,2022-11-11 00:49:51
Jessica,tvui,movieDetails,,,2022-11-11 00:41:31
Jessica,tvui,playback,,,2022-11-11 00:41:31
Jessica,tvui,browseTitles,,,2022-11-11 00:41:26
Jessica,tvui,movieDetails,,,2022-11-11 00:41:26
Jessica,tvui,movieDetails,,,2022-11-10 16:21:07
Jessica,tvui,playback,,,2022-11-10 16:21:07
Jessica,tvui,browseTitles,,,2022-11-10 16:21:01
Jessica,tvui,movieDetails,,,2022-11-10 16:21:01
Jessica,tvui,postPlay,,,2022-11-10 02:02:33
Jessica,tvui,movieDetails,,,2022-11-10 02:02:33
Jessica,tvui,playback,,,2022-11-10 02:02:25
Jessica,tvui,postPlay,,,2022-11-10 02:02:25
Jessica,tvui,postPlay,,,2022-11-10 01:02:34
Jessica,tvui,playback,,,2022-11-10 01:02:34
Jessica,tvui,playback,,,2022-11-10 01:02:12
Jessica,tvui,postPlay,,,2022-11-10 01:02:12
Jessica,tvui,movieDetails,,,2022-11-09 23:58:53
Jessica,tvui,playback,,,2022-11-09 23:58:53
Jessica,tvui,browseTitlesGallery,,,2022-11-09 23:58:49
Jessica,tvui,movieDetails,,,2022-11-09 23:58:49
Jessica,tvui,search,,,2022-11-09 23:57:54
Jessica,tvui,browseTitlesGallery,,,2022-11-09 23:57:54
Jessica,tvui,movieDetails,,,2022-11-09 23:56:09
Jessica,tvui,search,,,2022-11-09 23:56:09
Jessica,tvui,search,,,2022-11-09 23:56:03
Jessica,tvui,movieDetails,,,2022-11-09 23:56:03
Jessica,tvui,movieDetails,,,2022-11-09 23:55:03
Jessica,tvui,search,,,2022-11-09 23:55:03
Jessica,tvui,search,,,2022-11-09 23:54:56
Jessica,tvui,movieDetails,,,2022-11-09 23:54:56
Jessica,tvui,movieDetails,,,2022-11-09 23:54:24
Jessica,tvui,search,,,2022-11-09 23:54:24
Jessica,tvui,search,,,2022-11-09 23:54:14
Jessica,tvui,movieDetails,,,2022-11-09 23:54:14
Jessica,tvui,browseTitles,,,2022-11-09 23:51:53
Jessica,tvui,search,,,2022-11-09 23:51:53
Jessica,tvui,movieDetails,,,2022-11-08 22:38:42
Jessica,tvui,search,,,2022-11-08 22:38:42
Jessica,tvui,playback,,,2022-11-08 22:38:40
Jessica,tvui,movieDetails,,,2022-11-08 22:38:40
Jessica,tvui,postPlay,,,2022-11-08 22:38:38
Jessica,tvui,playback,,,2022-11-08 22:38:38
Jessica,tvui,playback,,,2022-11-08 22:38:32
Jessica,tvui,postPlay,,,2022-11-08 22:38:32
Jessica,tvui,movieDetails,,,2022-11-08 20:52:17
Jessica,tvui,playback,,,2022-11-08 20:52:17
Jessica,tvui,search,,,2022-11-08 20:52:13
Jessica,tvui,movieDetails,,,2022-11-08 20:52:13
Jessica,tvui,browseTitlesGallery,,,2022-11-08 20:51:41
Jessica,tvui,search,,,2022-11-08 20:51:41
Jessica,tvui,movieDetails,,,2022-11-08 20:51:22
Jessica,tvui,browseTitlesGallery,,,2022-11-08 20:51:22
Jessica,tvui,playback,,,2022-11-08 20:51:15
Jessica,tvui,movieDetails,,,2022-11-08 20:51:15
Jessica,tvui,movieDetails,,,2022-11-08 20:50:19
Jessica,tvui,playback,,,2022-11-08 20:50:19
Jessica,tvui,browseTitlesGallery,,,2022-11-08 20:50:15
Jessica,tvui,movieDetails,,,2022-11-08 20:50:15
Jessica,tvui,search,,,2022-11-08 20:48:56
Jessica,tvui,browseTitlesGallery,,,2022-11-08 20:48:56
Jessica,android,browseTitles,,,2022-11-08 20:48:34
Jessica,android,search,,,2022-11-08 20:48:34
Jessica,android,browseTitles,,,2022-11-08 20:48:33
Jessica,android,profilesGate,,,2022-11-08 20:48:32
Jessica,tvui,browseTitles,,,2022-11-08 20:46:37
Jessica,tvui,search,,,2022-11-08 20:46:37
Jessica,tvui,movieDetails,,,2022-11-08 20:45:02
Jessica,tvui,browseTitles,,,2022-11-08 20:45:02
Jessica,tvui,browseTitles,,,2022-11-08 20:44:54
Jessica,tvui,movieDetails,,,2022-11-08 20:44:54
Jessica,tvui,movieDetails,,,2022-11-03 15:50:03
Jessica,tvui,playback,,,2022-11-03 15:50:03
Jessica,tvui,browseTitles,,,2022-11-03 15:50:01
Jessica,tvui,movieDetails,,,2022-11-03 15:50:01
Jessica,tvui,playback,,,2022-10-29 17:39:46
Jessica,tvui,movieDetails,,,2022-10-29 17:39:46
Jessica,tvui,browseTitles,,,2022-10-29 17:39:44
Jessica,tvui,movieDetails,,,2022-10-29 17:39:44
Jessica,tvui,movieDetails,,,2022-10-20 16:40:47
Jessica,tvui,playback,,,2022-10-20 16:40:47
Jessica,tvui,browseTitles,,,2022-10-20 16:40:44
Jessica,tvui,movieDetails,,,2022-10-20 16:40:44
Jessica,tvui,playback,,,2022-10-19 23:50:07
Jessica,tvui,movieDetails,,,2022-10-19 23:50:07
Jessica,tvui,movieDetails,,,2022-10-19 23:04:38
Jessica,tvui,playback,,,2022-10-19 23:04:38
Jessica,tvui,browseTitles,,,2022-10-19 23:04:35
Jessica,tvui,movieDetails,,,2022-10-19 23:04:35
Jessica,tvui,movieDetails,,,2022-10-18 22:20:56
Jessica,tvui,playback,,,2022-10-18 22:20:56
Jessica,tvui,browseTitles,,,2022-10-18 22:20:53
Jessica,tvui,movieDetails,,,2022-10-18 22:20:53
Jessica,tvui,movieDetails,,,2022-10-18 02:30:19
Jessica,tvui,playback,,,2022-10-18 02:30:19
Jessica,tvui,search,,,2022-10-18 02:30:10
Jessica,tvui,movieDetails,,,2022-10-18 02:30:10
Jessica,tvui,browseTitles,,,2022-10-18 02:29:48
Jessica,tvui,search,,,2022-10-18 02:29:48
Jessica,tvui,movieDetails,,,2022-10-18 02:29:23
Jessica,tvui,browseTitles,,,2022-10-18 02:29:23
Jessica,tvui,audioSubtitlesSelector,,,2022-10-18 02:29:22
Jessica,tvui,movieDetails,,,2022-10-18 02:29:22
Jessica,tvui,movieDetails,,,2022-10-18 02:29:14
Jessica,tvui,audioSubtitlesSelector,,,2022-10-18 02:29:14
Jessica,tvui,browseTitles,,,2022-10-18 02:29:04
Jessica,tvui,movieDetails,,,2022-10-18 02:29:04
Jessica,tvui,browseTitlesGallery,,,2022-10-18 02:28:41
Jessica,tvui,browseTitles,,,2022-10-18 02:28:41
Jessica,tvui,browseTitles,,,2022-10-18 02:24:24
Jessica,tvui,browseTitlesGallery,,,2022-10-18 02:24:24
Jessica,tvui,postPlay,,,2022-10-17 20:16:35
Jessica,tvui,playback,,,2022-10-17 20:16:35
Jessica,tvui,playback,,,2022-10-17 20:16:25
Jessica,tvui,postPlay,,,2022-10-17 20:16:25
Jessica,tvui,postPlay,,,2022-10-17 19:18:26
Jessica,tvui,playback,,,2022-10-17 19:18:26
Jessica,tvui,playback,,,2022-10-17 19:18:23
Jessica,tvui,postPlay,,,2022-10-17 19:18:23
Jessica,tvui,movieDetails,,,2022-10-17 18:26:08
Jessica,tvui,playback,,,2022-10-17 18:26:07
Jessica,tvui,browseTitles,,,2022-10-17 18:26:05
Jessica,tvui,movieDetails,,,2022-10-17 18:26:05
Jessica,android,playback,,,2022-10-13 19:51:11
Jessica,android,browseTitles,,,2022-10-13 19:51:10
Jessica,android,profilesGate,,,2022-10-13 19:51:08
Jessica,android,browseTitles,,,2022-10-13 19:51:08
Jessica,tvui,postPlay,,,2022-10-13 16:10:56
Jessica,tvui,playback,,,2022-10-13 16:10:56
Jessica,tvui,playback,,,2022-10-13 16:10:52
Jessica,tvui,postPlay,,,2022-10-13 16:10:52
Jessica,tvui,movieDetails,,,2022-10-13 16:02:02
Jessica,tvui,playback,,,2022-10-13 16:02:02
Jessica,tvui,browseTitles,,,2022-10-13 16:01:59
Jessica,tvui,movieDetails,,,2022-10-13 16:01:59
Jessica,android,browseTitles,,,2022-10-13 15:05:57
Jessica,android,profilesGate,,,2022-10-13 15:05:55
Jessica,android,browseTitles,,,2022-10-13 15:05:55
Jessica,android,profilesGate,,,2022-10-13 15:05:43
Jessica,android,browseTitles,,,2022-10-13 15:05:43
Jessica,tvui,movieDetails,,,2022-10-13 02:25:48
Jessica,tvui,browseTitlesGallery,,,2022-10-13 02:25:48
Jessica,tvui,postPlay,,,2022-10-13 02:25:42
Jessica,tvui,movieDetails,,,2022-10-13 02:25:42
Jessica,tvui,playback,,,2022-10-13 02:25:31
Jessica,tvui,postPlay,,,2022-10-13 02:25:31
Jessica,tvui,movieDetails,,,2022-10-13 01:39:04
Jessica,tvui,playback,,,2022-10-13 01:39:04
Jessica,tvui,browseTitlesGallery,,,2022-10-13 01:39:02
Jessica,tvui,movieDetails,,,2022-10-13 01:39:02
Jessica,tvui,browseTitles,,,2022-10-13 01:37:54
Jessica,tvui,browseTitlesGallery,,,2022-10-13 01:37:54
Jessica,tvui,movieDetails,,,2022-10-12 16:49:57
Jessica,tvui,playback,,,2022-10-12 16:49:57
Jessica,tvui,browseTitles,,,2022-10-12 16:49:54
Jessica,tvui,movieDetails,,,2022-10-12 16:49:54
Jessica,tvui,movieDetails,,,2022-10-11 16:38:30
Jessica,tvui,playback,,,2022-10-11 16:38:30
Jessica,tvui,browseTitles,,,2022-10-11 16:38:28
Jessica,tvui,movieDetails,,,2022-10-11 16:38:28
Jessica,tvui,movieDetails,,,2022-10-11 16:38:10
Jessica,tvui,browseTitles,,,2022-10-11 16:38:10
Jessica,tvui,playback,,,2022-10-11 16:38:03
Jessica,tvui,movieDetails,,,2022-10-11 16:38:03
Jessica,tvui,movieDetails,,,2022-10-11 16:37:44
Jessica,tvui,playback,,,2022-10-11 16:37:44
Jessica,tvui,browseTitles,,,2022-10-11 16:37:41
Jessica,tvui,movieDetails,,,2022-10-11 16:37:41
Jessica,tvui,movieDetails,,,2022-10-09 21:53:04
Jessica,tvui,playback,,,2022-10-09 21:53:04
Jessica,tvui,search,,,2022-10-09 21:53:01
Jessica,tvui,movieDetails,,,2022-10-09 21:53:01
Jessica,tvui,movieDetails,,,2022-10-09 21:52:48
Jessica,tvui,search,,,2022-10-09 21:52:48
Jessica,tvui,playback,,,2022-10-09 21:52:36
Jessica,tvui,movieDetails,,,2022-10-09 21:52:36
Jessica,tvui,movieDetails,,,2022-10-09 21:51:10
Jessica,tvui,playback,,,2022-10-09 21:51:10
Jessica,tvui,search,,,2022-10-09 21:51:08
Jessica,tvui,movieDetails,,,2022-10-09 21:51:08
Jessica,tvui,browseTitles,,,2022-10-09 21:49:32
Jessica,tvui,search,,,2022-10-09 21:49:32
Jessica,tvui,search,,,2022-10-09 21:49:06
Jessica,tvui,browseTitles,,,2022-10-09 21:49:06
Jessica,android,playback,,,2022-10-09 21:47:32
Jessica,android,movieDetails,,,2022-10-09 21:47:32
Jessica,android,movieDetails,,,2022-10-09 21:47:27
Jessica,android,playback,,,2022-10-09 21:47:27
Jessica,android,movieDetails,,,2022-10-09 21:45:33
Jessica,android,search,,,2022-10-09 21:45:33
Jessica,android,search,,,2022-10-09 21:44:12
Jessica,android,browseTitles,,,2022-10-09 21:44:11
Jessica,android,profilesGate,,,2022-10-09 21:44:09
Jessica,android,browseTitles,,,2022-10-09 21:44:09
Jessica,tvui,movieDetails,,,2022-10-09 21:40:42
Jessica,tvui,search,,,2022-10-09 21:40:42
Jessica,tvui,search,,,2022-10-09 21:40:35
Jessica,tvui,movieDetails,,,2022-10-09 21:40:35
Jessica,tvui,browseTitlesGallery,,,2022-10-09 21:39:51
Jessica,tvui,search,,,2022-10-09 21:39:51
Jessica,tvui,browseTitles,,,2022-10-09 21:21:07
Jessica,tvui,browseTitlesGallery,,,2022-10-09 21:21:07
Jessica,android,browseTitles,,,2022-10-09 21:10:04
Jessica,android,movieDetails,,,2022-10-09 21:10:04
Jessica,android,movieDetails,,,2022-10-09 21:09:41
Jessica,android,browseTitles,,,2022-10-09 21:09:41
Jessica,android,movieDetails,,,2022-10-09 21:09:27
Jessica,android,browseTitles,,,2022-10-09 21:09:27
Jessica,android,playback,,,2022-10-09 21:09:25
Jessica,android,browseTitles,,,2022-10-09 21:09:25
Jessica,android,browseTitles,,,2022-10-09 21:09:23
Jessica,android,playback,,,2022-10-09 21:09:23
Jessica,android,movieDetails,,,2022-10-09 21:09:11
Jessica,android,browseTitles,,,2022-10-09 21:09:11
Jessica,android,browseTitles,,,2022-10-09 21:09:06
Jessica,android,movieDetails,,,2022-10-09 21:09:06
Jessica,android,profilesGate,,,2022-10-09 21:08:58
Jessica,android,browseTitles,,,2022-10-09 21:08:58
Jessica,tvui,movieDetails,,,2022-10-09 19:38:11
Jessica,tvui,playback,,,2022-10-09 19:38:11
Jessica,tvui,browseTitles,,,2022-10-09 19:38:09
Jessica,tvui,movieDetails,,,2022-10-09 19:38:09
Jessica,tvui,postPlay,,,2022-10-09 17:25:27
Jessica,tvui,playback,,,2022-10-09 17:25:27
Jessica,tvui,playback,,,2022-10-09 17:25:19
Jessica,tvui,postPlay,,,2022-10-09 17:25:19
Jessica,tvui,movieDetails,,,2022-10-09 16:42:59
Jessica,tvui,playback,,,2022-10-09 16:42:59
Jessica,tvui,playback,,,2022-10-09 16:42:59
Jessica,tvui,playback,,,2022-10-09 16:42:59
Jessica,tvui,playback,,,2022-10-09 16:42:47
Jessica,tvui,movieDetails,,,2022-10-09 16:42:47
Jessica,tvui,movieDetails,,,2022-10-09 15:37:03
Jessica,tvui,playback,,,2022-10-09 15:37:03
Jessica,tvui,playback,,,2022-10-09 15:37:03
Jessica,tvui,playback,,,2022-10-09 15:37:03
Jessica,tvui,movieDetails,,,2022-10-09 15:36:53
Jessica,tvui,browseTitles,,,2022-10-09 15:36:52
Jessica,tvui,movieDetails,,,2022-10-09 02:31:22
Jessica,tvui,browseTitles,,,2022-10-09 02:31:22
Jessica,tvui,playback,,,2022-10-09 02:31:17
Jessica,tvui,movieDetails,,,2022-10-09 02:31:17
Jessica,tvui,postPlay,,,2022-10-09 01:52:33
Jessica,tvui,playback,,,2022-10-09 01:52:33
Jessica,tvui,playback,,,2022-10-09 01:52:30
Jessica,tvui,postPlay,,,2022-10-09 01:52:30
Jessica,tvui,movieDetails,,,2022-10-09 01:42:23
Jessica,tvui,playback,,,2022-10-09 01:42:23
Jessica,tvui,browseTitles,,,2022-10-09 01:42:20
Jessica,tvui,movieDetails,,,2022-10-09 01:42:20
Jessica,tvui,playback,,,2022-10-08 02:41:53
Jessica,tvui,postPlay,,,2022-10-08 02:41:53
Jessica,tvui,movieDetails,,,2022-10-08 01:00:09
Jessica,tvui,playback,,,2022-10-08 01:00:09
Jessica,tvui,browseTitles,,,2022-10-08 01:00:05
Jessica,tvui,movieDetails,,,2022-10-08 01:00:05
Jessica,tvui,movieDetails,,,2022-10-07 21:41:36
Jessica,tvui,playback,,,2022-10-07 21:41:36
Jessica,tvui,browseTitles,,,2022-10-07 21:41:32
Jessica,tvui,movieDetails,,,2022-10-07 21:41:32
Jessica,tvui,movieDetails,,,2022-10-07 16:30:02
Jessica,tvui,playback,,,2022-10-07 16:30:02
Jessica,tvui,browseTitles,,,2022-10-07 16:30:00
Jessica,tvui,movieDetails,,,2022-10-07 16:30:00
Jessica,android,movieDetails,,,2022-10-07 16:29:32
Jessica,android,playback,,,2022-10-07 16:29:32
Jessica,android,movieDetails,,,2022-10-07 16:29:30
Jessica,android,playback,,,2022-10-07 16:29:30
Jessica,android,movieDetails,,,2022-10-07 16:26:19
Jessica,android,browseTitles,,,2022-10-07 16:26:19
Jessica,android,movieDetails,,,2022-10-07 16:26:01
Jessica,android,browseTitles,,,2022-10-07 16:26:01
Jessica,tvui,postPlay,,,2022-10-06 02:57:53
Jessica,tvui,playback,,,2022-10-06 02:57:53
Jessica,tvui,playback,,,2022-10-06 02:57:50
Jessica,tvui,postPlay,,,2022-10-06 02:57:50
Jessica,tvui,postPlay,,,2022-10-06 02:16:37
Jessica,tvui,playback,,,2022-10-06 02:16:37
Jessica,tvui,playback,,,2022-10-06 02:16:16
Jessica,tvui,postPlay,,,2022-10-06 02:16:16
Jessica,tvui,movieDetails,,,2022-10-06 02:15:03
Jessica,tvui,playback,,,2022-10-06 02:15:03
Jessica,tvui,browseTitles,,,2022-10-06 02:15:00
Jessica,tvui,movieDetails,,,2022-10-06 02:15:00
Jessica,tvui,movieDetails,,,2022-10-06 02:14:57
Jessica,tvui,browseTitles,,,2022-10-06 02:14:57
Jessica,tvui,browseTitles,,,2022-10-06 02:14:45
Jessica,tvui,movieDetails,,,2022-10-06 02:14:45
Jessica,tvui,movieDetails,,,2022-10-05 23:03:06
Jessica,tvui,playback,,,2022-10-05 23:03:06
Jessica,tvui,playback,,,2022-10-05 23:02:59
Jessica,tvui,movieDetails,,,2022-10-05 23:02:59
Jessica,tvui,movieDetails,,,2022-10-05 22:59:45
Jessica,tvui,playback,,,2022-10-05 22:59:45
Jessica,tvui,movieDetails,,,2022-10-05 22:59:41
Jessica,tvui,browseTitles,,,2022-10-05 22:59:40
Jessica,tvui,browseTitles,,,2022-10-05 16:26:58
Jessica,tvui,playback,,,2022-10-05 16:26:58
Jessica,www,search,/search?q=mudan%C3%A7a&suggestionId=60021368_video,/search?q=mudan%C3%A7a,2022-10-02 18:04:01
Jessica,www,search,/search?q=mudan%C3%A7a,/search?q=mudan%C3%A7a&suggestionId=60021368_video,2022-10-02 18:04:01
Jessica,www,search,/search?q=mudan%C3%A7a%20de,/search?q=mudan%C3%A7a%20de%20,2022-10-02 18:03:58
Jessica,www,search,/search?q=mudan%C3%A7a%20de%20,/search?q=mudan%C3%A7a&suggestionId=60021368_video,2022-10-02 18:03:58
Jessica,www,search,/search?q=mudan%C3%A7a%20de%20,/search?q=mudan%C3%A7a&suggestionId=60021368_video,2022-10-02 18:03:58
Jessica,www,search,/search?q=mudan%C3%A7a&suggestionId=60021368_video,/search?q=mudan%C3%A7a,2022-10-02 18:03:58
Jessica,www,search,/search?q=mudan%C3%A7a,/search?q=mudan%C3%A7a%20,2022-10-02 18:03:55
Jessica,www,search,/search?q=mudan%C3%A7a%20,/search?q=mudan%C3%A7a%20d,2022-10-02 18:03:55
Jessica,www,search,/search?q=mudan%C3%A7a%20,/search?q=mudan%C3%A7a%20d,2022-10-02 18:03:55
Jessica,www,search,/search?q=mudan%C3%A7a%20d,/search?q=mudan%C3%A7a%20de,2022-10-02 18:03:55
Jessica,www,search,/search?q=mudan%C3%A7a%20d,/search?q=mudan%C3%A7a%20de,2022-10-02 18:03:55
Jessica,www,search,/search?q=mudan%C3%A7a%20de,/search?q=mudan%C3%A7a%20de%20,2022-10-02 18:03:55
Jessica,www,search,/search?q=mudan%C3%A7,/search?q=mudan%C3%A7a,2022-10-02 18:03:54
Jessica,www,search,/search?q=mudan%C3%A7a,/search?q=mudan%C3%A7a%20,2022-10-02 18:03:54
Jessica,www,search,/search?q=mudan,/search?q=mudan%C3%A7,2022-10-02 18:03:50
Jessica,www,search,/search?q=mudan%C3%A7,/search?q=mudan%C3%A7a,2022-10-02 18:03:50
Jessica,www,browseTitles,,/browse,2022-10-02 18:03:49
Jessica,www,search,/browse,/search?q=m,2022-10-02 18:03:49
Jessica,www,search,/browse,/search?q=m,2022-10-02 18:03:49
Jessica,www,search,/search?q=m,/search?q=mu,2022-10-02 18:03:49
Jessica,www,search,/search?q=mu,/search?q=mud,2022-10-02 18:03:49
Jessica,www,search,/search?q=m,/search?q=mu,2022-10-02 18:03:49
Jessica,www,search,/search?q=mu,/search?q=mud,2022-10-02 18:03:49
Jessica,www,search,/search?q=mud,/search?q=muda,2022-10-02 18:03:49
Jessica,www,search,/search?q=mud,/search?q=muda,2022-10-02 18:03:49
Jessica,www,search,/search?q=muda,/search?q=mudan,2022-10-02 18:03:49
Jessica,www,search,/search?q=muda,/search?q=mudan,2022-10-02 18:03:49
Jessica,www,search,/search?q=mudan,/search?q=mudan%C3%A7,2022-10-02 18:03:49
Jessica,tvui,movieDetails,,,2022-10-02 01:34:57
Jessica,tvui,playback,,,2022-10-02 01:34:57
Jessica,tvui,browseTitles,,,2022-10-02 01:34:54
Jessica,tvui,movieDetails,,,2022-10-02 01:34:54
Jessica,tvui,movieDetails,,,2022-10-02 01:33:24
Jessica,tvui,browseTitles,,,2022-10-02 01:33:24
Jessica,tvui,playback,,,2022-10-02 01:33:06
Jessica,tvui,movieDetails,,,2022-10-02 01:33:06
Jessica,tvui,postPlay,,,2022-10-02 01:13:06
Jessica,tvui,playback,,,2022-10-02 01:13:06
Jessica,tvui,playback,,,2022-10-02 01:12:44
Jessica,tvui,postPlay,,,2022-10-02 01:12:44
Jessica,tvui,movieDetails,,,2022-10-02 00:56:55
Jessica,tvui,playback,,,2022-10-02 00:56:55
Jessica,tvui,browseTitles,,,2022-10-02 00:56:52
Jessica,tvui,movieDetails,,,2022-10-02 00:56:52
Jessica,tvui,browseTitlesGallery,,,2022-10-01 22:45:24
Jessica,tvui,playback,,,2022-10-01 22:45:24
Jessica,tvui,browseTitles,,,2022-10-01 22:45:14
Jessica,tvui,browseTitlesGallery,,,2022-10-01 22:45:14
Jessica,tvui,movieDetails,,,2022-10-01 22:45:07
Jessica,tvui,browseTitles,,,2022-10-01 22:45:07
Jessica,tvui,playback,,,2022-10-01 22:45:00
Jessica,tvui,movieDetails,,,2022-10-01 22:45:00
Jessica,tvui,postPlay,,,2022-10-01 22:33:56
Jessica,tvui,playback,,,2022-10-01 22:33:56
Jessica,tvui,playback,,,2022-10-01 22:33:35
Jessica,tvui,postPlay,,,2022-10-01 22:33:35
Jessica,tvui,postPlay,,,2022-10-01 22:08:32
Jessica,tvui,playback,,,2022-10-01 22:08:32
Jessica,tvui,playback,,,2022-10-01 22:08:21
Jessica,tvui,postPlay,,,2022-10-01 22:08:21
Jessica,tvui,movieDetails,,,2022-10-01 21:34:17
Jessica,tvui,playback,,,2022-10-01 21:34:17
Jessica,tvui,browseTitles,,,2022-10-01 21:34:13
Jessica,tvui,movieDetails,,,2022-10-01 21:34:13
Jessica,tvui,movieDetails,,,2022-10-01 02:27:32
Jessica,tvui,browseTitlesGallery,,,2022-10-01 02:27:32
Jessica,tvui,postPlay,,,2022-10-01 02:27:30
Jessica,tvui,movieDetails,,,2022-10-01 02:27:30
Jessica,tvui,playback,,,2022-10-01 02:27:27
Jessica,tvui,postPlay,,,2022-10-01 02:27:27
Jessica,tvui,movieDetails,,,2022-10-01 02:00:10
Jessica,tvui,playback,,,2022-10-01 02:00:10
Jessica,tvui,browseTitlesGallery,,,2022-10-01 02:00:07
Jessica,tvui,movieDetails,,,2022-10-01 02:00:07
Jessica,tvui,browseTitles,,,2022-10-01 01:54:31
Jessica,tvui,browseTitlesGallery,,,2022-10-01 01:54:31
Jessica,tvui,movieDetails,,,2022-10-01 01:38:31
Jessica,tvui,playback,,,2022-10-01 01:38:31
Jessica,tvui,browseTitlesGallery,,,2022-10-01 01:38:27
Jessica,tvui,movieDetails,,,2022-10-01 01:38:27
Jessica,tvui,search,,,2022-10-01 01:35:29
Jessica,tvui,browseTitlesGallery,,,2022-10-01 01:35:29
Jessica,tvui,movieDetails,,,2022-10-01 01:34:21
Jessica,tvui,search,,,2022-10-01 01:34:21
Jessica,tvui,search,,,2022-10-01 01:34:08
Jessica,tvui,movieDetails,,,2022-10-01 01:34:08
Jessica,tvui,browseTitles,,,2022-10-01 01:33:53
Jessica,tvui,search,,,2022-10-01 01:33:53
Jessica,tvui,movieDetails,,,2022-09-30 01:04:47
Jessica,tvui,playback,,,2022-09-30 01:04:47
Jessica,tvui,browseTitles,,,2022-09-30 01:04:44
Jessica,tvui,movieDetails,,,2022-09-30 01:04:44
Jessica,tvui,movieDetails,,,2022-09-30 01:04:02
Jessica,tvui,browseTitles,,,2022-09-30 01:04:02
Jessica,tvui,playback,,,2022-09-30 01:03:54
Jessica,tvui,movieDetails,,,2022-09-30 01:03:54
Jessica,tvui,movieDetails,,,2022-09-30 00:58:11
Jessica,tvui,playback,,,2022-09-30 00:58:11
Jessica,tvui,browseTitles,,,2022-09-30 00:58:08
Jessica,tvui,movieDetails,,,2022-09-30 00:58:08
Jessica,android,browseTitles,,,2022-09-28 23:24:22
Jessica,android,search,,,2022-09-28 23:24:22
Jessica,android,profilesGate,,,2022-09-28 23:22:50
Jessica,android,browseTitles,,,2022-09-28 23:22:50
Jessica,android,search,,,2022-09-27 22:05:25
Jessica,android,browseTitles,,,2022-09-27 22:05:24
Jessica,android,profilesGate,,,2022-09-27 22:05:18
Jessica,android,browseTitles,,,2022-09-27 22:05:18
Jessica,tvui,movieDetails,,,2022-09-27 22:02:57
Jessica,tvui,searchSuggestionTitleResults,,,2022-09-27 22:02:57
Jessica,tvui,searchSuggestionTitleResults,,,2022-09-27 22:02:52
Jessica,tvui,movieDetails,,,2022-09-27 22:02:52
Jessica,tvui,browseTitles,,,2022-09-27 22:01:23
Jessica,tvui,search,,,2022-09-27 22:01:23
Jessica,tvui,movieDetails,,,2022-09-27 01:20:58
Jessica,tvui,playback,,,2022-09-27 01:20:58
Jessica,tvui,browseTitlesGallery,,,2022-09-27 01:20:55
Jessica,tvui,movieDetails,,,2022-09-27 01:20:55
Jessica,tvui,browseTitles,,,2022-09-27 01:19:14
Jessica,tvui,browseTitlesGallery,,,2022-09-27 01:19:14
