Profile Name,Title Description,Device,Playback Start Utc Ts,Country,Playtraces
Jessica,Season 5 Moment of High Emotion Clip: The Crown,Edge OSS - Windows (Cadmium),2023-01-25 00:56:18,BR,"[{""eventType"":""start"",""sessionOffsetMs"":18,""mediaOffsetMs"":0},{""eventType"":""stopped"",""sessionOffsetMs"":1025,""mediaOffsetMs"":0}]"
Jessica,Season 2 Sensory Clip: Bake Squad,Edge OSS - Windows (Cadmium),2023-01-25 00:42:21,BR,"[{""eventType"":""start"",""sessionOffsetMs"":71,""mediaOffsetMs"":20},{""eventType"":""playing"",""sessionOffsetMs"":1301,""mediaOffsetMs"":20},{""eventType"":""paused"",""sessionOffsetMs"":2623,""mediaOffsetMs"":1270},{""eventType"":""playing"",""sessionOffsetMs"":2633,""mediaOffsetMs"":1319},{""eventType"":""paused"",""sessionOffsetMs"":3616,""mediaOffsetMs"":2106},{""eventType"":""playing"",""sessionOffsetMs"":249030,""mediaOffsetMs"":2300},{""eventType"":""paused"",""sessionOffsetMs"":251943,""mediaOffsetMs"":4266},{""eventType"":""playing"",""sessionOffsetMs"":268827,""mediaOffsetMs"":4270},{""eventType"":""paused"",""sessionOffsetMs"":270274,""mediaOffsetMs"":5451}]"
Jessica,To the Lake: Season 1_hook_primary_16x9,Edge OSS - Windows (Cadmium),2023-01-25 00:41:53,BR,"[{""eventType"":""start"",""sessionOffsetMs"":21,""mediaOffsetMs"":0},{""eventType"":""stopped"",""sessionOffsetMs"":698,""mediaOffsetMs"":0}]"
Jessica,Season 5 Moment of High Emotion Clip: The Crown,Edge OSS - Windows (Cadmium),2023-01-25 00:41:53,BR,"[{""eventType"":""start"",""sessionOffsetMs"":6,""mediaOffsetMs"":1},{""eventType"":""playing"",""sessionOffsetMs"":902,""mediaOffsetMs"":1},{""eventType"":""stopped"",""sessionOffsetMs"":2085,""mediaOffsetMs"":1113}]"
Jessica,Season 4 Supporting Character Clip 2: Virgin River,Edge OSS - Windows (Cadmium),2023-01-25 00:41:49,BR,"[{""eventType"":""start"",""sessionOffsetMs"":16,""mediaOffsetMs"":0},{""eventType"":""stopped"",""sessionOffsetMs"":1209,""mediaOffsetMs"":0}]"
Jessica,Season 1 Trailer: Shanty Town,Edge OSS - Windows (Cadmium),2023-01-25 00:41:44,BR,"[{""eventType"":""start"",""sessionOffsetMs"":68,""mediaOffsetMs"":14},{""eventType"":""playing"",""sessionOffsetMs"":1140,""mediaOffsetMs"":14},{""eventType"":""paused"",""sessionOffsetMs"":2288,""mediaOffsetMs"":1138}]"
Jessica,Season 2 Sensory Clip: Bake Squad,Edge OSS - Windows (Cadmium),2023-01-25 00:41:44,BR,"[{""eventType"":""start"",""sessionOffsetMs"":29,""mediaOffsetMs"":0},{""eventType"":""stopped"",""sessionOffsetMs"":756,""mediaOffsetMs"":0}]"
Jessica,Wild Child,Samsung Novatek DTV Smart TV,2023-01-25 00:13:41,BR,"[{""eventType"":""start"",""sessionOffsetMs"":0,""mediaOffsetMs"":0}]"
Jessica,Wild Child,Samsung Novatek DTV Smart TV,2023-01-24 23:21:36,BR,"[{""eventType"":""start"",""sessionOffsetMs"":0,""mediaOffsetMs"":0},{""eventType"":""playing"",""sessionOffsetMs"":6691,""mediaOffsetMs"":0},{""eventType"":""playing"",""sessionOffsetMs"":10734,""mediaOffsetMs"":4000},{""eventType"":""playing"",""sessionOffsetMs"":14742,""mediaOffsetMs"":8000},{""eventType"":""playing"",""sessionOffsetMs"":16756,""mediaOffsetMs"":10000},{""eventType"":""playing"",""sessionOffsetMs"":34576,""mediaOffsetMs"":28000},{""eventType"":""playing"",""sessionOffsetMs"":2321107,""mediaOffsetMs"":2290000},{""eventType"":""playing"",""sessionOffsetMs"":2324639,""mediaOffsetMs"":2294000},{""eventType"":""playing"",""sessionOffsetMs"":2332760,""mediaOffsetMs"":2302000},{""eventType"":""playing"",""sessionOffsetMs"":2334773,""mediaOffsetMs"":2304000},{""eventType"":""playing"",""sessionOffsetMs"":2336784,""mediaOffsetMs"":2306000},{""eventType"":""playing"",""sessionOffsetMs"":2346410,""mediaOffsetMs"":2316000},{""eventType"":""playing"",""sessionOffsetMs"":2354534,""mediaOffsetMs"":2324000},{""eventType"":""playing"",""sessionOffsetMs"":2368681,""mediaOffsetMs"":2338000},{""eventType"":""playing"",""sessionOffsetMs"":2372705,""mediaOffsetMs"":2342000},{""eventType"":""playing"",""sessionOffsetMs"":2384969,""mediaOffsetMs"":2354000},{""eventType"":""playing"",""sessionOffsetMs"":2761005,""mediaOffsetMs"":2730000},{""eventType"":""playing"",""sessionOffsetMs"":2767166,""mediaOffsetMs"":2736000},{""eventType"":""playing"",""sessionOffsetMs"":2783337,""mediaOffsetMs"":2752000},{""eventType"":""playing"",""sessionOffsetMs"":2790944,""mediaOffsetMs"":2760000}]"
Jessica,Ride Along,Samsung Novatek DTV Smart TV,2023-01-24 00:35:19,BR,"[{""eventType"":""start"",""sessionOffsetMs"":0,""mediaOffsetMs"":0},{""eventType"":""playing"",""sessionOffsetMs"":5443,""mediaOffsetMs"":0},{""eventType"":""playing"",""sessionOffsetMs"":13597,""mediaOffsetMs"":8000},{""eventType"":""paused"",""sessionOffsetMs"":97551,""mediaOffsetMs"":92000},{""eventType"":""playing"",""sessionOffsetMs"":98909,""mediaOffsetMs"":92000},{""eventType"":""paused"",""sessionOffsetMs"":112060,""mediaOffsetMs"":104000},{""eventType"":""stopped"",""sessionOffsetMs"":178130,""mediaOffsetMs"":104000}]"
Jessica,"Between: Season 1: ""School's Out""",Samsung Novatek DTV Smart TV,2023-01-24 00:31:17,BR,[]
Jessica,"That '90s Show: Season 1: ""That '90s Pilot""",Samsung Novatek DTV Smart TV,2023-01-24 00:29:41,BR,[]
Jessica,"To the Lake: Season 1: ""Episode 7""",Samsung Novatek DTV Smart TV,2023-01-23 03:43:19,BR,"[{""eventType"":""start"",""sessionOffsetMs"":0,""mediaOffsetMs"":27000},{""eventType"":""playing"",""sessionOffsetMs"":6007,""mediaOffsetMs"":27000},{""eventType"":""playing"",""sessionOffsetMs"":8557,""mediaOffsetMs"":28000},{""eventType"":""playing"",""sessionOffsetMs"":18091,""mediaOffsetMs"":38000},{""eventType"":""playing"",""sessionOffsetMs"":20204,""mediaOffsetMs"":40000},{""eventType"":""stopped"",""sessionOffsetMs"":1159007,""mediaOffsetMs"":1178803}]"
Jessica,"To the Lake: Season 1: ""Episode 6""",Samsung Novatek DTV Smart TV,2023-01-23 02:52:27,BR,"[{""eventType"":""start"",""sessionOffsetMs"":0,""mediaOffsetMs"":0},{""eventType"":""playing"",""sessionOffsetMs"":6652,""mediaOffsetMs"":0},{""eventType"":""playing"",""sessionOffsetMs"":11176,""mediaOffsetMs"":4000},{""eventType"":""playing"",""sessionOffsetMs"":14695,""mediaOffsetMs"":8000},{""eventType"":""stopped"",""sessionOffsetMs"":3033119,""mediaOffsetMs"":3022000}]"
Jessica,The Wolf's Call,Samsung Novatek DTV Smart TV,2023-01-22 17:18:39,BR,"[{""eventType"":""start"",""sessionOffsetMs"":0,""mediaOffsetMs"":21000},{""eventType"":""playing"",""sessionOffsetMs"":5410,""mediaOffsetMs"":21000},{""eventType"":""paused"",""sessionOffsetMs"":27971,""mediaOffsetMs"":42000},{""eventType"":""stopped"",""sessionOffsetMs"":29935,""mediaOffsetMs"":42000}]"
Jessica,The Forgotten Battle,Samsung Novatek DTV Smart TV,2023-01-22 16:27:52,BR,"[{""eventType"":""start"",""sessionOffsetMs"":0,""mediaOffsetMs"":4873000},{""eventType"":""playing"",""sessionOffsetMs"":7066,""mediaOffsetMs"":4873000},{""eventType"":""paused"",""sessionOffsetMs"":10850,""mediaOffsetMs"":4875000},{""eventType"":""reposition"",""sessionOffsetMs"":33763,""mediaOffsetMs"":4770000},{""eventType"":""playing"",""sessionOffsetMs"":37291,""mediaOffsetMs"":4770000},{""eventType"":""paused"",""sessionOffsetMs"":1083188,""mediaOffsetMs"":5816000},{""eventType"":""playing"",""sessionOffsetMs"":1154275,""mediaOffsetMs"":5816000},{""eventType"":""paused"",""sessionOffsetMs"":2004796,""mediaOffsetMs"":6666000},{""eventType"":""reposition"",""sessionOffsetMs"":2017545,""mediaOffsetMs"":6370000},{""eventType"":""playing"",""sessionOffsetMs"":2021059,""mediaOffsetMs"":6370000},{""eventType"":""paused"",""sessionOffsetMs"":2175739,""mediaOffsetMs"":6524000},{""eventType"":""playing"",""sessionOffsetMs"":2176452,""mediaOffsetMs"":6524000},{""eventType"":""paused"",""sessionOffsetMs"":2177620,""mediaOffsetMs"":6526000},{""eventType"":""playing"",""sessionOffsetMs"":2305394,""mediaOffsetMs"":6526000},{""eventType"":""paused"",""sessionOffsetMs"":3025400,""mediaOffsetMs"":7245000},{""eventType"":""stopped"",""sessionOffsetMs"":3027053,""mediaOffsetMs"":7245000}]"
Jessica,The Wolf's Call,Samsung Novatek DTV Smart TV,2023-01-22 16:27:06,BR,"[{""eventType"":""start"",""sessionOffsetMs"":0,""mediaOffsetMs"":0},{""eventType"":""playing"",""sessionOffsetMs"":6946,""mediaOffsetMs"":0},{""eventType"":""playing"",""sessionOffsetMs"":11465,""mediaOffsetMs"":4000},{""eventType"":""playing"",""sessionOffsetMs"":19606,""mediaOffsetMs"":12000},{""eventType"":""playing"",""sessionOffsetMs"":21621,""mediaOffsetMs"":14000},{""eventType"":""paused"",""sessionOffsetMs"":28526,""mediaOffsetMs"":21000},{""eventType"":""stopped"",""sessionOffsetMs"":30921,""mediaOffsetMs"":21000}]"
Jessica,"To the Lake: Season 1: ""Episode 5""",Samsung Novatek DTV Smart TV,2023-01-22 01:48:48,BR,"[{""eventType"":""start"",""sessionOffsetMs"":0,""mediaOffsetMs"":0},{""eventType"":""playing"",""sessionOffsetMs"":5541,""mediaOffsetMs"":0},{""eventType"":""paused"",""sessionOffsetMs"":2727350,""mediaOffsetMs"":2721000},{""eventType"":""stopped"",""sessionOffsetMs"":2729068,""mediaOffsetMs"":2721000}]"
Jessica,"To the Lake: Season 1: ""Episode 4""",Samsung Novatek DTV Smart TV,2023-01-22 00:57:41,BR,"[{""eventType"":""start"",""sessionOffsetMs"":0,""mediaOffsetMs"":0},{""eventType"":""playing"",""sessionOffsetMs"":5281,""mediaOffsetMs"":0},{""eventType"":""paused"",""sessionOffsetMs"":3062141,""mediaOffsetMs"":3056000},{""eventType"":""stopped"",""sessionOffsetMs"":3063622,""mediaOffsetMs"":3056000}]"
Jessica,"To the Lake: Season 1: ""Episode 3""",Samsung Novatek DTV Smart TV,2023-01-22 00:52:05,BR,"[{""eventType"":""start"",""sessionOffsetMs"":0,""mediaOffsetMs"":2963000},{""eventType"":""playing"",""sessionOffsetMs"":5881,""mediaOffsetMs"":2963000},{""eventType"":""stopped"",""sessionOffsetMs"":316207,""mediaOffsetMs"":3268000}]"
Jessica,The Forgotten Battle,Samsung Novatek DTV Smart TV,2023-01-21 22:09:28,BR,"[{""eventType"":""start"",""sessionOffsetMs"":0,""mediaOffsetMs"":0},{""eventType"":""playing"",""sessionOffsetMs"":8136,""mediaOffsetMs"":0},{""eventType"":""paused"",""sessionOffsetMs"":518534,""mediaOffsetMs"":510000},{""eventType"":""reposition"",""sessionOffsetMs"":531436,""mediaOffsetMs"":0},{""eventType"":""playing"",""sessionOffsetMs"":533951,""mediaOffsetMs"":0},{""eventType"":""paused"",""sessionOffsetMs"":3824394,""mediaOffsetMs"":3289000},{""eventType"":""playing"",""sessionOffsetMs"":6649707,""mediaOffsetMs"":3289000},{""eventType"":""paused"",""sessionOffsetMs"":8232612,""mediaOffsetMs"":4873000},{""eventType"":""stopped"",""sessionOffsetMs"":9733895,""mediaOffsetMs"":4873000}]"
Jessica,"To the Lake: Season 1: ""Episode 3""",Samsung Novatek DTV Smart TV,2023-01-20 23:40:11,BR,"[{""eventType"":""start"",""sessionOffsetMs"":0,""mediaOffsetMs"":27000},{""eventType"":""playing"",""sessionOffsetMs"":6541,""mediaOffsetMs"":27000},{""eventType"":""paused"",""sessionOffsetMs"":2944004,""mediaOffsetMs"":2963000},{""eventType"":""stopped"",""sessionOffsetMs"":2945973,""mediaOffsetMs"":2963000}]"
Jessica,"To the Lake: Season 1: ""Episode 2""",Samsung Novatek DTV Smart TV,2023-01-20 22:53:13,BR,"[{""eventType"":""start"",""sessionOffsetMs"":0,""mediaOffsetMs"":27000},{""eventType"":""playing"",""sessionOffsetMs"":5584,""mediaOffsetMs"":27000},{""eventType"":""paused"",""sessionOffsetMs"":15074,""mediaOffsetMs"":34000},{""eventType"":""playing"",""sessionOffsetMs"":16858,""mediaOffsetMs"":34000},{""eventType"":""paused"",""sessionOffsetMs"":24277,""mediaOffsetMs"":42000},{""eventType"":""playing"",""sessionOffsetMs"":141274,""mediaOffsetMs"":42000},{""eventType"":""stopped"",""sessionOffsetMs"":2797497,""mediaOffsetMs"":2694000}]"
Jessica,"To the Lake: Season 1: ""Episode 1""",Samsung Novatek DTV Smart TV,2023-01-20 21:55:51,BR,"[{""eventType"":""start"",""sessionOffsetMs"":0,""mediaOffsetMs"":2000},{""eventType"":""playing"",""sessionOffsetMs"":7917,""mediaOffsetMs"":2000},{""eventType"":""playing"",""sessionOffsetMs"":12427,""mediaOffsetMs"":6000},{""eventType"":""playing"",""sessionOffsetMs"":16437,""mediaOffsetMs"":10000},{""eventType"":""stopped"",""sessionOffsetMs"":3434920,""mediaOffsetMs"":3424000}]"
Jessica,To the Lake: Season 1_hook_04_16x9,DefaultWidevineAndroidPhone,2023-01-20 21:54:26,US,"[{""eventType"":""start"",""sessionOffsetMs"":0,""mediaOffsetMs"":0},{""eventType"":""playing"",""sessionOffsetMs"":1989,""mediaOffsetMs"":0},{""eventType"":""paused"",""sessionOffsetMs"":8482,""mediaOffsetMs"":6360},{""eventType"":""reposition"",""sessionOffsetMs"":13795,""mediaOffsetMs"":0},{""eventType"":""playing"",""sessionOffsetMs"":13937,""mediaOffsetMs"":0},{""eventType"":""paused"",""sessionOffsetMs"":35073,""mediaOffsetMs"":21026},{""eventType"":""stopped"",""sessionOffsetMs"":66745,""mediaOffsetMs"":21031}]"
Jessica,"I, Tonya _hook_primary_16x9",Edge OSS - Windows (Cadmium),2023-01-16 22:23:47,BR,"[{""eventType"":""start"",""sessionOffsetMs"":12,""mediaOffsetMs"":13},{""eventType"":""playing"",""sessionOffsetMs"":485,""mediaOffsetMs"":13},{""eventType"":""stopped"",""sessionOffsetMs"":866,""mediaOffsetMs"":394}]"
Jessica,Outer Banks: Season 2 - Baseline Clip 2,Edge OSS - Windows (Cadmium),2023-01-16 22:23:46,BR,"[{""eventType"":""start"",""sessionOffsetMs"":70,""mediaOffsetMs"":-1},{""eventType"":""stopped"",""sessionOffsetMs"":2007,""mediaOffsetMs"":-1}]"
Jessica,"I, Tonya _hook_primary_16x9",Edge OSS - Windows (Cadmium),2023-01-16 22:23:43,BR,"[{""eventType"":""start"",""sessionOffsetMs"":56,""mediaOffsetMs"":3},{""eventType"":""playing"",""sessionOffsetMs"":2055,""mediaOffsetMs"":3},{""eventType"":""paused"",""sessionOffsetMs"":2391,""mediaOffsetMs"":219},{""eventType"":""playing"",""sessionOffsetMs"":4416,""mediaOffsetMs"":338},{""eventType"":""paused"",""sessionOffsetMs"":5191,""mediaOffsetMs"":869},{""eventType"":""playing"",""sessionOffsetMs"":5213,""mediaOffsetMs"":1114},{""eventType"":""paused"",""sessionOffsetMs"":5318,""mediaOffsetMs"":1114},{""eventType"":""playing"",""sessionOffsetMs"":5416,""mediaOffsetMs"":1318},{""eventType"":""stopped"",""sessionOffsetMs"":5416,""mediaOffsetMs"":1318}]"
Jessica,United 93,Samsung Novatek DTV Smart TV,2023-01-16 10:39:43,BR,[]
Jessica,United 93,Samsung Novatek DTV Smart TV,2023-01-16 00:49:00,BR,"[{""eventType"":""start"",""sessionOffsetMs"":0,""mediaOffsetMs"":0},{""eventType"":""playing"",""sessionOffsetMs"":5332,""mediaOffsetMs"":0},{""eventType"":""playing"",""sessionOffsetMs"":13950,""mediaOffsetMs"":8000},{""eventType"":""playing"",""sessionOffsetMs"":15967,""mediaOffsetMs"":10000},{""eventType"":""paused"",""sessionOffsetMs"":70986,""mediaOffsetMs"":65000},{""eventType"":""playing"",""sessionOffsetMs"":89174,""mediaOffsetMs"":65000},{""eventType"":""paused"",""sessionOffsetMs"":2082855,""mediaOffsetMs"":2058000},{""eventType"":""playing"",""sessionOffsetMs"":2307906,""mediaOffsetMs"":2058000},{""eventType"":""paused"",""sessionOffsetMs"":4578240,""mediaOffsetMs"":4329000},{""eventType"":""stopped"",""sessionOffsetMs"":4580369,""mediaOffsetMs"":4329000}]"
Jessica,Disconnect: The Wedding Planner,Samsung Novatek DTV Smart TV,2023-01-16 00:38:37,BR,"[{""eventType"":""start"",""sessionOffsetMs"":0,""mediaOffsetMs"":0},{""eventType"":""playing"",""sessionOffsetMs"":6069,""mediaOffsetMs"":0},{""eventType"":""paused"",""sessionOffsetMs"":74996,""mediaOffsetMs"":68000},{""eventType"":""stopped"",""sessionOffsetMs"":77473,""mediaOffsetMs"":68000}]"
Jessica,A Quiet Place Part II,Samsung Novatek DTV Smart TV,2023-01-15 15:14:04,BR,"[{""eventType"":""start"",""sessionOffsetMs"":0,""mediaOffsetMs"":4136000},{""eventType"":""playing"",""sessionOffsetMs"":7135,""mediaOffsetMs"":4136000},{""eventType"":""paused"",""sessionOffsetMs"":197042,""mediaOffsetMs"":4323000},{""eventType"":""reposition"",""sessionOffsetMs"":219822,""mediaOffsetMs"":4120000},{""eventType"":""playing"",""sessionOffsetMs"":223257,""mediaOffsetMs"":4118000},{""eventType"":""paused"",""sessionOffsetMs"":861198,""mediaOffsetMs"":4755000},{""eventType"":""playing"",""sessionOffsetMs"":1040711,""mediaOffsetMs"":4755000},{""eventType"":""paused"",""sessionOffsetMs"":1631166,""mediaOffsetMs"":5346000}]"
Jessica,"Ginny & Georgia: Season 1: ""Feelings Are Hard""",Samsung Novatek DTV Smart TV,2023-01-15 00:17:50,BR,"[{""eventType"":""start"",""sessionOffsetMs"":0,""mediaOffsetMs"":6000},{""eventType"":""playing"",""sessionOffsetMs"":6276,""mediaOffsetMs"":6000},{""eventType"":""paused"",""sessionOffsetMs"":1545695,""mediaOffsetMs"":1543000},{""eventType"":""stopped"",""sessionOffsetMs"":1547734,""mediaOffsetMs"":1543000}]"
Jessica,"Ginny & Georgia: Season 1: ""Check One, Check Other""",Samsung Novatek DTV Smart TV,2023-01-15 00:00:06,BR,"[{""eventType"":""start"",""sessionOffsetMs"":0,""mediaOffsetMs"":2281000},{""eventType"":""playing"",""sessionOffsetMs"":8335,""mediaOffsetMs"":2281000},{""eventType"":""paused"",""sessionOffsetMs"":1064139,""mediaOffsetMs"":3335000},{""eventType"":""stopped"",""sessionOffsetMs"":1065797,""mediaOffsetMs"":3335000}]"
Jessica,A Quiet Place Part II,Samsung Novatek DTV Smart TV,2023-01-13 22:10:51,BR,"[{""eventType"":""start"",""sessionOffsetMs"":0,""mediaOffsetMs"":912000},{""eventType"":""playing"",""sessionOffsetMs"":5902,""mediaOffsetMs"":912000},{""eventType"":""playing"",""sessionOffsetMs"":7947,""mediaOffsetMs"":912000},{""eventType"":""playing"",""sessionOffsetMs"":11962,""mediaOffsetMs"":916000},{""eventType"":""stopped"",""sessionOffsetMs"":3230902,""mediaOffsetMs"":4134940}]"
Jessica,"Ginny & Georgia: Season 1: ""Check One, Check Other""",Samsung Novatek DTV Smart TV,2023-01-13 22:00:44,BR,"[{""eventType"":""start"",""sessionOffsetMs"":0,""mediaOffsetMs"":1694000},{""eventType"":""playing"",""sessionOffsetMs"":7864,""mediaOffsetMs"":1694000},{""eventType"":""playing"",""sessionOffsetMs"":10295,""mediaOffsetMs"":1695000},{""eventType"":""playing"",""sessionOffsetMs"":16422,""mediaOffsetMs"":1701000},{""eventType"":""paused"",""sessionOffsetMs"":595723,""mediaOffsetMs"":2281000},{""eventType"":""stopped"",""sessionOffsetMs"":598339,""mediaOffsetMs"":2281000}]"
Jessica,A Quiet Place Part II,Samsung Novatek DTV Smart TV,2023-01-13 16:47:39,BR,"[{""eventType"":""start"",""sessionOffsetMs"":0,""mediaOffsetMs"":0},{""eventType"":""playing"",""sessionOffsetMs"":7532,""mediaOffsetMs"":0},{""eventType"":""playing"",""sessionOffsetMs"":9941,""mediaOffsetMs"":2000},{""eventType"":""playing"",""sessionOffsetMs"":12044,""mediaOffsetMs"":4000},{""eventType"":""playing"",""sessionOffsetMs"":14056,""mediaOffsetMs"":6000},{""eventType"":""playing"",""sessionOffsetMs"":16063,""mediaOffsetMs"":8000},{""eventType"":""stopped"",""sessionOffsetMs"":919532,""mediaOffsetMs"":911469}]"
Jessica,"Ginny & Georgia: Season 1: ""Check One, Check Other""",Samsung Novatek DTV Smart TV,2023-01-13 16:07:57,BR,"[{""eventType"":""start"",""sessionOffsetMs"":0,""mediaOffsetMs"":0},{""eventType"":""playing"",""sessionOffsetMs"":8587,""mediaOffsetMs"":0},{""eventType"":""paused"",""sessionOffsetMs"":915943,""mediaOffsetMs"":907000},{""eventType"":""playing"",""sessionOffsetMs"":1019596,""mediaOffsetMs"":907000},{""eventType"":""stopped"",""sessionOffsetMs"":1996240,""mediaOffsetMs"":1883644}]"
Jessica,"Ginny & Georgia: Season 1: ""Happy Sweet Sixteen, Jerk""",Samsung Novatek DTV Smart TV,2023-01-13 01:13:09,BR,"[{""eventType"":""start"",""sessionOffsetMs"":0,""mediaOffsetMs"":1037000},{""eventType"":""playing"",""sessionOffsetMs"":8067,""mediaOffsetMs"":1037000},{""eventType"":""playing"",""sessionOffsetMs"":10577,""mediaOffsetMs"":1037000},{""eventType"":""playing"",""sessionOffsetMs"":16688,""mediaOffsetMs"":1043000},{""eventType"":""stopped"",""sessionOffsetMs"":2258067,""mediaOffsetMs"":3284379}]"
Jessica,"Ginny & Georgia: Season 1: ""Happy Sweet Sixteen, Jerk""",Samsung Novatek DTV Smart TV,2023-01-12 02:37:55,BR,"[{""eventType"":""start"",""sessionOffsetMs"":0,""mediaOffsetMs"":6000},{""eventType"":""playing"",""sessionOffsetMs"":6110,""mediaOffsetMs"":6000},{""eventType"":""playing"",""sessionOffsetMs"":8147,""mediaOffsetMs"":6000},{""eventType"":""playing"",""sessionOffsetMs"":12253,""mediaOffsetMs"":10000},{""eventType"":""stopped"",""sessionOffsetMs"":1038110,""mediaOffsetMs"":1035857}]"
Jessica,"Ginny & Georgia: Season 1: ""I’m Triggered""",Samsung Novatek DTV Smart TV,2023-01-12 01:58:28,BR,"[{""eventType"":""start"",""sessionOffsetMs"":0,""mediaOffsetMs"":1049000},{""eventType"":""playing"",""sessionOffsetMs"":7663,""mediaOffsetMs"":1049000},{""eventType"":""paused"",""sessionOffsetMs"":486303,""mediaOffsetMs"":1525000},{""eventType"":""playing"",""sessionOffsetMs"":551068,""mediaOffsetMs"":1525000},{""eventType"":""stopped"",""sessionOffsetMs"":2348540,""mediaOffsetMs"":3315000}]"
Jessica,Rambo: Last Blood,Samsung Novatek DTV Smart TV,2023-01-09 16:08:04,BR,"[{""eventType"":""start"",""sessionOffsetMs"":0,""mediaOffsetMs"":4009000},{""eventType"":""playing"",""sessionOffsetMs"":7960,""mediaOffsetMs"":4009000},{""eventType"":""paused"",""sessionOffsetMs"":210123,""mediaOffsetMs"":4209000},{""eventType"":""playing"",""sessionOffsetMs"":211194,""mediaOffsetMs"":4209000},{""eventType"":""paused"",""sessionOffsetMs"":212193,""mediaOffsetMs"":4210000},{""eventType"":""playing"",""sessionOffsetMs"":212575,""mediaOffsetMs"":4210000},{""eventType"":""paused"",""sessionOffsetMs"":213068,""mediaOffsetMs"":4211000},{""eventType"":""playing"",""sessionOffsetMs"":430630,""mediaOffsetMs"":4211000},{""eventType"":""paused"",""sessionOffsetMs"":1322817,""mediaOffsetMs"":5103000},{""eventType"":""stopped"",""sessionOffsetMs"":1325531,""mediaOffsetMs"":5103000}]"
Jessica,Rambo: Last Blood,Samsung Novatek DTV Smart TV,2023-01-08 17:37:35,BR,"[{""eventType"":""start"",""sessionOffsetMs"":0,""mediaOffsetMs"":0},{""eventType"":""playing"",""sessionOffsetMs"":5426,""mediaOffsetMs"":0},{""eventType"":""paused"",""sessionOffsetMs"":794249,""mediaOffsetMs"":788000},{""eventType"":""playing"",""sessionOffsetMs"":795903,""mediaOffsetMs"":788000},{""eventType"":""paused"",""sessionOffsetMs"":796948,""mediaOffsetMs"":789000},{""eventType"":""playing"",""sessionOffsetMs"":1020120,""mediaOffsetMs"":789000},{""eventType"":""paused"",""sessionOffsetMs"":1040694,""mediaOffsetMs"":809000},{""eventType"":""reposition"",""sessionOffsetMs"":1044639,""mediaOffsetMs"":750000},{""eventType"":""playing"",""sessionOffsetMs"":1047169,""mediaOffsetMs"":748000},{""eventType"":""paused"",""sessionOffsetMs"":1789281,""mediaOffsetMs"":1490000},{""eventType"":""playing"",""sessionOffsetMs"":1789835,""mediaOffsetMs"":1490000},{""eventType"":""paused"",""sessionOffsetMs"":1790982,""mediaOffsetMs"":1491000},{""eventType"":""playing"",""sessionOffsetMs"":1889070,""mediaOffsetMs"":1491000},{""eventType"":""paused"",""sessionOffsetMs"":2417973,""mediaOffsetMs"":2020000},{""eventType"":""reposition"",""sessionOffsetMs"":2437621,""mediaOffsetMs"":2020000},{""eventType"":""playing"",""sessionOffsetMs"":2439135,""mediaOffsetMs"":2022000},{""eventType"":""paused"",""sessionOffsetMs"":2799443,""mediaOffsetMs"":2382000},{""eventType"":""playing"",""sessionOffsetMs"":2800109,""mediaOffsetMs"":2382000},{""eventType"":""paused"",""sessionOffsetMs"":2802206,""mediaOffsetMs"":2384000},{""eventType"":""playing"",""sessionOffsetMs"":2928741,""mediaOffsetMs"":2384000},{""eventType"":""paused"",""sessionOffsetMs"":4118479,""mediaOffsetMs"":3573000},{""eventType"":""playing"",""sessionOffsetMs"":4120548,""mediaOffsetMs"":3573000},{""eventType"":""stopped"",""sessionOffsetMs"":4556801,""mediaOffsetMs"":4009253}]"
Jessica,The Bombardment,Samsung Novatek DTV Smart TV,2023-01-08 15:44:58,BR,"[{""eventType"":""start"",""sessionOffsetMs"":0,""mediaOffsetMs"":0},{""eventType"":""playing"",""sessionOffsetMs"":7053,""mediaOffsetMs"":0},{""eventType"":""paused"",""sessionOffsetMs"":627157,""mediaOffsetMs"":619000},{""eventType"":""playing"",""sessionOffsetMs"":628233,""mediaOffsetMs"":619000},{""eventType"":""paused"",""sessionOffsetMs"":629442,""mediaOffsetMs"":620000},{""eventType"":""playing"",""sessionOffsetMs"":629674,""mediaOffsetMs"":620000},{""eventType"":""paused"",""sessionOffsetMs"":632234,""mediaOffsetMs"":623000},{""eventType"":""playing"",""sessionOffsetMs"":805543,""mediaOffsetMs"":623000},{""eventType"":""paused"",""sessionOffsetMs"":1553989,""mediaOffsetMs"":1371000},{""eventType"":""playing"",""sessionOffsetMs"":1554798,""mediaOffsetMs"":1371000},{""eventType"":""paused"",""sessionOffsetMs"":1557766,""mediaOffsetMs"":1374000},{""eventType"":""playing"",""sessionOffsetMs"":1627463,""mediaOffsetMs"":1374000},{""eventType"":""paused"",""sessionOffsetMs"":2193873,""mediaOffsetMs"":1941000},{""eventType"":""playing"",""sessionOffsetMs"":2313963,""mediaOffsetMs"":1941000},{""eventType"":""paused"",""sessionOffsetMs"":2778528,""mediaOffsetMs"":2405000},{""eventType"":""playing"",""sessionOffsetMs"":2779581,""mediaOffsetMs"":2405000},{""eventType"":""paused"",""sessionOffsetMs"":2780618,""mediaOffsetMs"":2406000},{""eventType"":""playing"",""sessionOffsetMs"":2836972,""mediaOffsetMs"":2406000},{""eventType"":""paused"",""sessionOffsetMs"":3682379,""mediaOffsetMs"":3252000},{""eventType"":""reposition"",""sessionOffsetMs"":3690691,""mediaOffsetMs"":3252000},{""eventType"":""playing"",""sessionOffsetMs"":3692200,""mediaOffsetMs"":3252000},{""eventType"":""paused"",""sessionOffsetMs"":5101571,""mediaOffsetMs"":4661000},{""eventType"":""playing"",""sessionOffsetMs"":5102081,""mediaOffsetMs"":4661000},{""eventType"":""paused"",""sessionOffsetMs"":5103320,""mediaOffsetMs"":4662000},{""eventType"":""playing"",""sessionOffsetMs"":5104128,""mediaOffsetMs"":4662000},{""eventType"":""paused"",""sessionOffsetMs"":6446095,""mediaOffsetMs"":6004000},{""eventType"":""stopped"",""sessionOffsetMs"":6447681,""mediaOffsetMs"":6004000}]"
Jessica,"Ginny & Georgia: Season 1: ""I’m Triggered""",DefaultWidevineAndroidPhone,2023-01-07 15:32:36,BR,"[{""eventType"":""start"",""sessionOffsetMs"":0,""mediaOffsetMs"":0},{""eventType"":""playing"",""sessionOffsetMs"":596,""mediaOffsetMs"":0},{""eventType"":""playing"",""sessionOffsetMs"":42110,""mediaOffsetMs"":41514},{""eventType"":""paused"",""sessionOffsetMs"":1049998,""mediaOffsetMs"":1049024},{""eventType"":""stopped"",""sessionOffsetMs"":1052638,""mediaOffsetMs"":1049032}]"
Jessica,"Ginny & Georgia: Season 1: ""Boo, Bitch""",DefaultWidevineAndroidPhone,2023-01-07 15:16:17,BR,"[{""eventType"":""start"",""sessionOffsetMs"":0,""mediaOffsetMs"":2333824},{""eventType"":""playing"",""sessionOffsetMs"":1514,""mediaOffsetMs"":2333824},{""eventType"":""paused"",""sessionOffsetMs"":4053,""mediaOffsetMs"":2336021},{""eventType"":""reposition"",""sessionOffsetMs"":6538,""mediaOffsetMs"":2335532},{""eventType"":""playing"",""sessionOffsetMs"":6781,""mediaOffsetMs"":2333824},{""eventType"":""paused"",""sessionOffsetMs"":14238,""mediaOffsetMs"":2341007},{""eventType"":""reposition"",""sessionOffsetMs"":201165,""mediaOffsetMs"":2340517},{""eventType"":""playing"",""sessionOffsetMs"":201494,""mediaOffsetMs"":2337877},{""eventType"":""playing"",""sessionOffsetMs"":215561,""mediaOffsetMs"":2351974},{""eventType"":""paused"",""sessionOffsetMs"":979643,""mediaOffsetMs"":3115562},{""eventType"":""stopped"",""sessionOffsetMs"":979856,""mediaOffsetMs"":3115562}]"
Jessica,Trailer: Kaleidoscope,DefaultWidevineAndroidPhone,2023-01-07 15:16:09,BR,"[{""eventType"":""start"",""sessionOffsetMs"":0,""mediaOffsetMs"":0},{""eventType"":""playing"",""sessionOffsetMs"":1498,""mediaOffsetMs"":0},{""eventType"":""paused"",""sessionOffsetMs"":1581,""mediaOffsetMs"":5},{""eventType"":""stopped"",""sessionOffsetMs"":2206,""mediaOffsetMs"":5}]"
Jessica,"Pressure Cooker: Season 1: ""Check Your Ego At The Door""",DefaultWidevineAndroidPhone,2023-01-07 00:15:51,US,"[{""eventType"":""start"",""sessionOffsetMs"":0,""mediaOffsetMs"":0},{""eventType"":""playing"",""sessionOffsetMs"":1497,""mediaOffsetMs"":0},{""eventType"":""playing"",""sessionOffsetMs"":4885,""mediaOffsetMs"":3670},{""eventType"":""paused"",""sessionOffsetMs"":6912,""mediaOffsetMs"":5274},{""eventType"":""stopped"",""sessionOffsetMs"":7118,""mediaOffsetMs"":5274}]"
Jessica,Season 1 High Context Clip: Pressure Cooker,DefaultWidevineAndroidPhone,2023-01-07 00:15:38,US,"[{""eventType"":""start"",""sessionOffsetMs"":0,""mediaOffsetMs"":0},{""eventType"":""playing"",""sessionOffsetMs"":1850,""mediaOffsetMs"":0},{""eventType"":""playing"",""sessionOffsetMs"":2963,""mediaOffsetMs"":1751},{""eventType"":""paused"",""sessionOffsetMs"":4378,""mediaOffsetMs"":2399},{""eventType"":""stopped"",""sessionOffsetMs"":4418,""mediaOffsetMs"":2399}]"
Jessica,"Pressure Cooker: Season 1: ""Check Your Ego At The Door""",DefaultWidevineAndroidPhone,2023-01-07 00:15:29,US,"[{""eventType"":""start"",""sessionOffsetMs"":0,""mediaOffsetMs"":0},{""eventType"":""playing"",""sessionOffsetMs"":726,""mediaOffsetMs"":0},{""eventType"":""paused"",""sessionOffsetMs"":4646,""mediaOffsetMs"":3792},{""eventType"":""stopped"",""sessionOffsetMs"":4770,""mediaOffsetMs"":3792}]"
Jessica,"Pressure Cooker: Season 1: ""Check Your Ego At The Door""",DefaultWidevineAndroidPhone,2023-01-07 00:15:28,US,"[{""eventType"":""start"",""sessionOffsetMs"":0,""mediaOffsetMs"":0},{""eventType"":""stopped"",""sessionOffsetMs"":2432,""mediaOffsetMs"":0}]"
Jessica,Season 1 High Context Clip: Pressure Cooker,DefaultWidevineAndroidPhone,2023-01-07 00:15:27,US,"[{""eventType"":""start"",""sessionOffsetMs"":0,""mediaOffsetMs"":0},{""eventType"":""playing"",""sessionOffsetMs"":917,""mediaOffsetMs"":0},{""eventType"":""paused"",""sessionOffsetMs"":1983,""mediaOffsetMs"":954},{""eventType"":""stopped"",""sessionOffsetMs"":2145,""mediaOffsetMs"":963}]"
Jessica,Season 1 High Context Clip: Pressure Cooker,DefaultWidevineAndroidPhone,2023-01-07 00:15:08,US,"[{""eventType"":""start"",""sessionOffsetMs"":0,""mediaOffsetMs"":0},{""eventType"":""playing"",""sessionOffsetMs"":1631,""mediaOffsetMs"":0},{""eventType"":""playing"",""sessionOffsetMs"":5416,""mediaOffsetMs"":4421},{""eventType"":""paused"",""sessionOffsetMs"":5657,""mediaOffsetMs"":3926},{""eventType"":""reposition"",""sessionOffsetMs"":8984,""mediaOffsetMs"":0},{""eventType"":""playing"",""sessionOffsetMs"":9037,""mediaOffsetMs"":0},{""eventType"":""playing"",""sessionOffsetMs"":9088,""mediaOffsetMs"":0},{""eventType"":""paused"",""sessionOffsetMs"":9991,""mediaOffsetMs"":802},{""eventType"":""stopped"",""sessionOffsetMs"":14759,""mediaOffsetMs"":809}]"
Jessica,Season 1 High Context Clip: Pressure Cooker,DefaultWidevineAndroidPhone,2023-01-07 00:14:51,US,"[{""eventType"":""start"",""sessionOffsetMs"":0,""mediaOffsetMs"":0},{""eventType"":""playing"",""sessionOffsetMs"":1382,""mediaOffsetMs"":0},{""eventType"":""playing"",""sessionOffsetMs"":5153,""mediaOffsetMs"":4421},{""eventType"":""playing"",""sessionOffsetMs"":8287,""mediaOffsetMs"":7549},{""eventType"":""playing"",""sessionOffsetMs"":14680,""mediaOffsetMs"":13930},{""eventType"":""paused"",""sessionOffsetMs"":15061,""mediaOffsetMs"":13580},{""eventType"":""stopped"",""sessionOffsetMs"":16091,""mediaOffsetMs"":13588}]"
Jessica,Temporada 1 Teaser: Olhar Indiscreto,DefaultWidevineAndroidPhone,2023-01-07 00:14:49,US,"[{""eventType"":""start"",""sessionOffsetMs"":0,""mediaOffsetMs"":0},{""eventType"":""playing"",""sessionOffsetMs"":187,""mediaOffsetMs"":0},{""eventType"":""paused"",""sessionOffsetMs"":859,""mediaOffsetMs"":559},{""eventType"":""stopped"",""sessionOffsetMs"":1186,""mediaOffsetMs"":568}]"
Jessica,Season 1: Plot Clip: MAID,DefaultWidevineAndroidPhone,2023-01-07 00:14:43,US,"[{""eventType"":""start"",""sessionOffsetMs"":0,""mediaOffsetMs"":0},{""eventType"":""playing"",""sessionOffsetMs"":163,""mediaOffsetMs"":0},{""eventType"":""paused"",""sessionOffsetMs"":1519,""mediaOffsetMs"":1261},{""eventType"":""stopped"",""sessionOffsetMs"":6236,""mediaOffsetMs"":1266}]"
Jessica,Season 1 Plot Clip: If Only,DefaultWidevineAndroidPhone,2023-01-07 00:14:37,US,"[{""eventType"":""start"",""sessionOffsetMs"":0,""mediaOffsetMs"":0},{""eventType"":""playing"",""sessionOffsetMs"":2302,""mediaOffsetMs"":0},{""eventType"":""playing"",""sessionOffsetMs"":4827,""mediaOffsetMs"":3120},{""eventType"":""paused"",""sessionOffsetMs"":7126,""mediaOffsetMs"":4699},{""eventType"":""stopped"",""sessionOffsetMs"":7452,""mediaOffsetMs"":4704}]"
Jessica,DI4RIES: Season 1 - CLM 4,DefaultWidevineAndroidPhone,2023-01-07 00:14:02,US,"[{""eventType"":""start"",""sessionOffsetMs"":-19711,""mediaOffsetMs"":0},{""eventType"":""stopped"",""sessionOffsetMs"":827,""mediaOffsetMs"":0}]"
Jessica,High Seas: Season 1 (Trailer),DefaultWidevineAndroidPhone,2023-01-07 00:14:02,US,"[{""eventType"":""start"",""sessionOffsetMs"":-20690,""mediaOffsetMs"":0},{""eventType"":""stopped"",""sessionOffsetMs"":1143,""mediaOffsetMs"":0}]"
Jessica,Sintonia: Season 1 - Upper Bound Clip 12,DefaultWidevineAndroidPhone,2023-01-07 00:14:02,US,"[{""eventType"":""start"",""sessionOffsetMs"":-16283,""mediaOffsetMs"":0},{""eventType"":""stopped"",""sessionOffsetMs"":1567,""mediaOffsetMs"":0}]"
Jessica,Season 1 Plot Clip: All of Us Are Dead,DefaultWidevineAndroidPhone,2023-01-07 00:14:02,US,"[{""eventType"":""start"",""sessionOffsetMs"":-18472,""mediaOffsetMs"":0},{""eventType"":""stopped"",""sessionOffsetMs"":991,""mediaOffsetMs"":0}]"
Jessica,Season 1 Bonus Video: Away,DefaultWidevineAndroidPhone,2023-01-07 00:14:01,US,"[{""eventType"":""start"",""sessionOffsetMs"":0,""mediaOffsetMs"":0},{""eventType"":""playing"",""sessionOffsetMs"":1477,""mediaOffsetMs"":0},{""eventType"":""paused"",""sessionOffsetMs"":2603,""mediaOffsetMs"":991},{""eventType"":""stopped"",""sessionOffsetMs"":2732,""mediaOffsetMs"":1011}]"
Jessica,Season 4 Plot Clip: Manifest,DefaultWidevineAndroidPhone,2023-01-07 00:13:55,US,"[{""eventType"":""start"",""sessionOffsetMs"":-11339,""mediaOffsetMs"":0},{""eventType"":""stopped"",""sessionOffsetMs"":922,""mediaOffsetMs"":0}]"
Jessica,Trailer 2: Harry & Meghan,DefaultWidevineAndroidPhone,2023-01-07 00:13:55,US,"[{""eventType"":""start"",""sessionOffsetMs"":-7640,""mediaOffsetMs"":0},{""eventType"":""stopped"",""sessionOffsetMs"":1287,""mediaOffsetMs"":0}]"
Jessica,"Pablo Escobar, el patrón del mal: Season 1_hook_primary_16x9",DefaultWidevineAndroidPhone,2023-01-07 00:13:55,US,"[{""eventType"":""start"",""sessionOffsetMs"":-17811,""mediaOffsetMs"":0},{""eventType"":""stopped"",""sessionOffsetMs"":1193,""mediaOffsetMs"":0}]"
Jessica,La Casa de Papel: Part 5: Tokio Rekindles With Rio,DefaultWidevineAndroidPhone,2023-01-07 00:13:55,US,"[{""eventType"":""start"",""sessionOffsetMs"":-16934,""mediaOffsetMs"":0},{""eventType"":""stopped"",""sessionOffsetMs"":514,""mediaOffsetMs"":0}]"
Jessica,Genre Specific Moment Clip: A Madea Homecoming,DefaultWidevineAndroidPhone,2023-01-07 00:13:54,US,"[{""eventType"":""start"",""sessionOffsetMs"":0,""mediaOffsetMs"":0},{""eventType"":""playing"",""sessionOffsetMs"":1267,""mediaOffsetMs"":0},{""eventType"":""paused"",""sessionOffsetMs"":1474,""mediaOffsetMs"":110},{""eventType"":""stopped"",""sessionOffsetMs"":1799,""mediaOffsetMs"":116}]"
Jessica,Moment of High Emotion Clip: The Pale Blue Eye,DefaultWidevineAndroidPhone,2023-01-07 00:13:49,US,"[{""eventType"":""start"",""sessionOffsetMs"":0,""mediaOffsetMs"":0},{""eventType"":""playing"",""sessionOffsetMs"":639,""mediaOffsetMs"":0},{""eventType"":""paused"",""sessionOffsetMs"":801,""mediaOffsetMs"":69},{""eventType"":""stopped"",""sessionOffsetMs"":1135,""mediaOffsetMs"":85}]"
Jessica,Control Z: Season 1 - Upper Bound Clip 7,DefaultWidevineAndroidPhone,2023-01-07 00:13:49,US,"[{""eventType"":""start"",""sessionOffsetMs"":-8643,""mediaOffsetMs"":0},{""eventType"":""stopped"",""sessionOffsetMs"":751,""mediaOffsetMs"":0}]"
Jessica,Control Z: Season 1 - Upper Bound Clip 7,DefaultWidevineAndroidPhone,2023-01-07 00:13:49,US,"[{""eventType"":""start"",""sessionOffsetMs"":0,""mediaOffsetMs"":0},{""eventType"":""stopped"",""sessionOffsetMs"":938,""mediaOffsetMs"":0}]"
Jessica,Season 1 Trailer: Summer Heat,DefaultWidevineAndroidPhone,2023-01-07 00:13:49,US,"[{""eventType"":""start"",""sessionOffsetMs"":-4105,""mediaOffsetMs"":0},{""eventType"":""stopped"",""sessionOffsetMs"":1004,""mediaOffsetMs"":0}]"
Jessica,Outer Banks: Season 2 - Baseline Clip 2,DefaultWidevineAndroidPhone,2023-01-07 00:13:49,US,"[{""eventType"":""start"",""sessionOffsetMs"":0,""mediaOffsetMs"":0},{""eventType"":""stopped"",""sessionOffsetMs"":1171,""mediaOffsetMs"":0}]"
Jessica,Insatiable: Season 1 - Debby Ryan Is Insatiable,DefaultWidevineAndroidPhone,2023-01-07 00:13:49,US,"[{""eventType"":""start"",""sessionOffsetMs"":-3955,""mediaOffsetMs"":0},{""eventType"":""stopped"",""sessionOffsetMs"":392,""mediaOffsetMs"":0}]"
Jessica,Moment of High Emotion Clip: The Pale Blue Eye,DefaultWidevineAndroidPhone,2023-01-07 00:13:48,US,"[{""eventType"":""start"",""sessionOffsetMs"":-12477,""mediaOffsetMs"":0},{""eventType"":""stopped"",""sessionOffsetMs"":829,""mediaOffsetMs"":0}]"
Jessica,Season 2 Direct Lift Hook 5: Never Have I Ever,DefaultWidevineAndroidPhone,2023-01-07 00:13:44,US,"[{""eventType"":""start"",""sessionOffsetMs"":-2546,""mediaOffsetMs"":0},{""eventType"":""stopped"",""sessionOffsetMs"":1190,""mediaOffsetMs"":0}]"
Jessica,Outer Banks: Season 2 - Baseline Clip 2,DefaultWidevineAndroidPhone,2023-01-07 00:13:44,US,"[{""eventType"":""start"",""sessionOffsetMs"":-3088,""mediaOffsetMs"":0},{""eventType"":""stopped"",""sessionOffsetMs"":738,""mediaOffsetMs"":0}]"
Jessica,How I Became a Gangster_hook_02_16x9,DefaultWidevineAndroidPhone,2023-01-07 00:13:44,US,"[{""eventType"":""start"",""sessionOffsetMs"":-1308,""mediaOffsetMs"":0},{""eventType"":""stopped"",""sessionOffsetMs"":1501,""mediaOffsetMs"":0}]"
Jessica,Main Character Clip 4: Glass Onion: A Knives Out Mystery,DefaultWidevineAndroidPhone,2023-01-07 00:13:44,US,"[{""eventType"":""start"",""sessionOffsetMs"":-4740,""mediaOffsetMs"":0},{""eventType"":""stopped"",""sessionOffsetMs"":1555,""mediaOffsetMs"":0}]"
Jessica,Season 1 Main Character Intro Clip: Woman of the Dead,DefaultWidevineAndroidPhone,2023-01-07 00:13:37,US,"[{""eventType"":""start"",""sessionOffsetMs"":0,""mediaOffsetMs"":0},{""eventType"":""playing"",""sessionOffsetMs"":1083,""mediaOffsetMs"":0},{""eventType"":""paused"",""sessionOffsetMs"":1532,""mediaOffsetMs"":376},{""eventType"":""stopped"",""sessionOffsetMs"":1856,""mediaOffsetMs"":383}]"
Jessica,Trailer: Kaleidoscope,DefaultWidevineAndroidPhone,2023-01-07 00:13:36,US,"[{""eventType"":""start"",""sessionOffsetMs"":-1,""mediaOffsetMs"":0},{""eventType"":""stopped"",""sessionOffsetMs"":1537,""mediaOffsetMs"":0}]"
Jessica,Season 1 Trailer: Copenhagen Cowboy,DefaultWidevineAndroidPhone,2023-01-07 00:13:36,US,"[{""eventType"":""start"",""sessionOffsetMs"":-1208,""mediaOffsetMs"":0},{""eventType"":""stopped"",""sessionOffsetMs"":546,""mediaOffsetMs"":0}]"
Jessica,Madre solo hay dos: Season 1- Direct Lift 1,DefaultWidevineAndroidPhone,2023-01-07 00:13:35,US,"[{""eventType"":""start"",""sessionOffsetMs"":0,""mediaOffsetMs"":0},{""eventType"":""playing"",""sessionOffsetMs"":1489,""mediaOffsetMs"":0},{""eventType"":""paused"",""sessionOffsetMs"":1885,""mediaOffsetMs"":279},{""eventType"":""stopped"",""sessionOffsetMs"":2203,""mediaOffsetMs"":285}]"
Jessica,"Ginny & Georgia: Season 1: ""Boo, Bitch""",Samsung Novatek DTV Smart TV,2023-01-06 13:04:25,BR,"[{""eventType"":""start"",""sessionOffsetMs"":0,""mediaOffsetMs"":0},{""eventType"":""playing"",""sessionOffsetMs"":7450,""mediaOffsetMs"":0},{""eventType"":""playing"",""sessionOffsetMs"":11511,""mediaOffsetMs"":4000},{""eventType"":""playing"",""sessionOffsetMs"":13514,""mediaOffsetMs"":6000},{""eventType"":""paused"",""sessionOffsetMs"":26685,""mediaOffsetMs"":18000},{""eventType"":""playing"",""sessionOffsetMs"":39610,""mediaOffsetMs"":18000},{""eventType"":""stopped"",""sessionOffsetMs"":2354375,""mediaOffsetMs"":2332765}]"
Jessica,"Ginny & Georgia: Season 1: ""Lydia Bennet Is Hundo a Feminist""",Samsung Novatek DTV Smart TV,2023-01-02 01:00:36,BR,"[{""eventType"":""start"",""sessionOffsetMs"":0,""mediaOffsetMs"":2608000},{""eventType"":""playing"",""sessionOffsetMs"":5611,""mediaOffsetMs"":2608000},{""eventType"":""playing"",""sessionOffsetMs"":8136,""mediaOffsetMs"":2608000},{""eventType"":""playing"",""sessionOffsetMs"":14169,""mediaOffsetMs"":2614000},{""eventType"":""stopped"",""sessionOffsetMs"":514201,""mediaOffsetMs"":3109000}]"
Jessica,Até Que A Sorte Nos Separe 3,Samsung Novatek DTV Smart TV,2023-01-02 00:39:29,BR,"[{""eventType"":""start"",""sessionOffsetMs"":0,""mediaOffsetMs"":5173000},{""eventType"":""playing"",""sessionOffsetMs"":5429,""mediaOffsetMs"":5173000},{""eventType"":""stopped"",""sessionOffsetMs"":1229179,""mediaOffsetMs"":6391000}]"
Jessica,"The Mist: Season 1: ""Pilot""",Samsung Novatek DTV Smart TV,2023-01-02 00:30:55,BR,"[{""eventType"":""start"",""sessionOffsetMs"":0,""mediaOffsetMs"":0},{""eventType"":""playing"",""sessionOffsetMs"":6242,""mediaOffsetMs"":0},{""eventType"":""paused"",""sessionOffsetMs"":492886,""mediaOffsetMs"":486000},{""eventType"":""stopped"",""sessionOffsetMs"":494243,""mediaOffsetMs"":486000}]"
Jessica,Carmen Sandiego: Season 1 (Clip Main Character),Edge OSS - Windows (Cadmium),2022-12-31 00:45:46,BR,"[{""eventType"":""start"",""sessionOffsetMs"":7,""mediaOffsetMs"":1},{""eventType"":""playing"",""sessionOffsetMs"":805,""mediaOffsetMs"":1},{""eventType"":""stopped"",""sessionOffsetMs"":3380,""mediaOffsetMs"":2348}]"
Jessica,"Ginny & Georgia: Season 1: ""Lydia Bennet Is Hundo a Feminist""",Edge OSS - Windows (Cadmium),2022-12-29 14:59:14,BR,"[{""eventType"":""start"",""sessionOffsetMs"":0,""mediaOffsetMs"":750750},{""eventType"":""playing"",""sessionOffsetMs"":1697,""mediaOffsetMs"":750750},{""eventType"":""paused"",""sessionOffsetMs"":224873,""mediaOffsetMs"":973605},{""eventType"":""playing"",""sessionOffsetMs"":362460,""mediaOffsetMs"":973724},{""eventType"":""paused"",""sessionOffsetMs"":1992222,""mediaOffsetMs"":2601763},{""eventType"":""playing"",""sessionOffsetMs"":3561684,""mediaOffsetMs"":2601976},{""eventType"":""paused"",""sessionOffsetMs"":3569468,""mediaOffsetMs"":2608154},{""eventType"":""stopped"",""sessionOffsetMs"":5370202,""mediaOffsetMs"":2608227}]"
Jessica,Main Character Intro Clip: 7 Donne e un Mistero,Edge OSS - Windows (Cadmium),2022-12-29 14:59:13,BR,"[{""eventType"":""start"",""sessionOffsetMs"":39,""mediaOffsetMs"":0},{""eventType"":""stopped"",""sessionOffsetMs"":4471,""mediaOffsetMs"":0}]"
Jessica,GINNYANDGEORGIA_S1_CLIP_CLIFFHANGER,Edge OSS - Windows (Cadmium),2022-12-29 14:59:11,BR,"[{""eventType"":""start"",""sessionOffsetMs"":5,""mediaOffsetMs"":1},{""eventType"":""playing"",""sessionOffsetMs"":782,""mediaOffsetMs"":1},{""eventType"":""stopped"",""sessionOffsetMs"":2419,""mediaOffsetMs"":1335}]"
Jessica,"Ginny & Georgia: Season 1: ""Lydia Bennet Is Hundo a Feminist""",Edge OSS - Windows (Cadmium),2022-12-29 14:46:10,BR,"[{""eventType"":""start"",""sessionOffsetMs"":0,""mediaOffsetMs"":304304},{""eventType"":""playing"",""sessionOffsetMs"":3433,""mediaOffsetMs"":304304},{""eventType"":""paused"",""sessionOffsetMs"":412343,""mediaOffsetMs"":712486},{""eventType"":""playing"",""sessionOffsetMs"":415376,""mediaOffsetMs"":712553},{""eventType"":""stopped"",""sessionOffsetMs"":454466,""mediaOffsetMs"":751643}]"
Jessica,GINNYANDGEORGIA_S1_CLIP_CLIFFHANGER,Edge OSS - Windows (Cadmium),2022-12-29 14:46:02,BR,"[{""eventType"":""start"",""sessionOffsetMs"":1,""mediaOffsetMs"":0},{""eventType"":""playing"",""sessionOffsetMs"":828,""mediaOffsetMs"":0},{""eventType"":""stopped"",""sessionOffsetMs"":4765,""mediaOffsetMs"":3685}]"
Jessica,Season 2 Informative Clip: Love Is Blind: Brazil,Edge OSS - Windows (Cadmium),2022-12-29 14:44:07,BR,"[{""eventType"":""start"",""sessionOffsetMs"":43,""mediaOffsetMs"":18},{""eventType"":""playing"",""sessionOffsetMs"":1508,""mediaOffsetMs"":18},{""eventType"":""paused"",""sessionOffsetMs"":55023,""mediaOffsetMs"":53453},{""eventType"":""reposition"",""sessionOffsetMs"":55060,""mediaOffsetMs"":0},{""eventType"":""stopped"",""sessionOffsetMs"":55080,""mediaOffsetMs"":0}]"
Jessica,"Ginny & Georgia: Season 1: ""Lydia Bennet Is Hundo a Feminist""",Edge OSS - Windows (Cadmium),2022-12-28 10:39:37,BR,"[{""eventType"":""start"",""sessionOffsetMs"":0,""mediaOffsetMs"":18018},{""eventType"":""playing"",""sessionOffsetMs"":4041,""mediaOffsetMs"":18018},{""eventType"":""stopped"",""sessionOffsetMs"":244041,""mediaOffsetMs"":258018}]"
Jessica,GINNYANDGEORGIA_S1_CLIP_MAINCHARACTER,Edge OSS - Windows (Cadmium),2022-12-28 10:39:30,BR,"[{""eventType"":""start"",""sessionOffsetMs"":0,""mediaOffsetMs"":0},{""eventType"":""playing"",""sessionOffsetMs"":759,""mediaOffsetMs"":0},{""eventType"":""stopped"",""sessionOffsetMs"":3093,""mediaOffsetMs"":2134}]"
Jessica,Limited Series: Villain / Antagonist Clip: Treason,Edge OSS - Windows (Cadmium),2022-12-28 10:38:57,BR,"[{""eventType"":""start"",""sessionOffsetMs"":86,""mediaOffsetMs"":17},{""eventType"":""playing"",""sessionOffsetMs"":5970,""mediaOffsetMs"":17},{""eventType"":""paused"",""sessionOffsetMs"":34961,""mediaOffsetMs"":28924},{""eventType"":""stopped"",""sessionOffsetMs"":40028,""mediaOffsetMs"":28999}]"
Jessica,"Ginny & Georgia: Season 1: ""Lydia Bennet Is Hundo a Feminist""",Samsung Novatek DTV Smart TV,2022-12-28 01:50:27,BR,"[{""eventType"":""start"",""sessionOffsetMs"":0,""mediaOffsetMs"":6000},{""eventType"":""playing"",""sessionOffsetMs"":5722,""mediaOffsetMs"":6000},{""eventType"":""paused"",""sessionOffsetMs"":21195,""mediaOffsetMs"":19000},{""eventType"":""stopped"",""sessionOffsetMs"":23130,""mediaOffsetMs"":19000}]"
Jessica,"Ginny & Georgia: Season 1: ""Next Level Rich People Sh*t""",Samsung Novatek DTV Smart TV,2022-12-28 00:58:10,BR,"[{""eventType"":""start"",""sessionOffsetMs"":0,""mediaOffsetMs"":6000},{""eventType"":""playing"",""sessionOffsetMs"":5923,""mediaOffsetMs"":6000},{""eventType"":""playing"",""sessionOffsetMs"":8443,""mediaOffsetMs"":6000},{""eventType"":""playing"",""sessionOffsetMs"":11957,""mediaOffsetMs"":10000},{""eventType"":""playing"",""sessionOffsetMs"":14073,""mediaOffsetMs"":12000},{""eventType"":""paused"",""sessionOffsetMs"":1135597,""mediaOffsetMs"":1133000},{""eventType"":""playing"",""sessionOffsetMs"":1136577,""mediaOffsetMs"":1133000},{""eventType"":""paused"",""sessionOffsetMs"":1138115,""mediaOffsetMs"":1134000},{""eventType"":""playing"",""sessionOffsetMs"":1183008,""mediaOffsetMs"":1134000},{""eventType"":""stopped"",""sessionOffsetMs"":3116955,""mediaOffsetMs"":3059000}]"
Jessica,"Ginny & Georgia: Season 1: ""It's a Face Not a Mask""",Samsung Novatek DTV Smart TV,2022-12-28 00:34:11,BR,"[{""eventType"":""start"",""sessionOffsetMs"":0,""mediaOffsetMs"":1588000},{""eventType"":""playing"",""sessionOffsetMs"":8427,""mediaOffsetMs"":1588000},{""eventType"":""playing"",""sessionOffsetMs"":12354,""mediaOffsetMs"":1591000},{""eventType"":""playing"",""sessionOffsetMs"":14368,""mediaOffsetMs"":1593000},{""eventType"":""paused"",""sessionOffsetMs"":1436901,""mediaOffsetMs"":3016000},{""eventType"":""stopped"",""sessionOffsetMs"":1439059,""mediaOffsetMs"":3016000}]"
Jessica,"Ginny & Georgia: Season 1: ""It's a Face Not a Mask""",DefaultWidevineAndroidPhone,2022-12-27 15:31:48,BR,"[{""eventType"":""start"",""sessionOffsetMs"":0,""mediaOffsetMs"":0},{""eventType"":""playing"",""sessionOffsetMs"":649,""mediaOffsetMs"":0},{""eventType"":""playing"",""sessionOffsetMs"":32478,""mediaOffsetMs"":31829},{""eventType"":""playing"",""sessionOffsetMs"":130355,""mediaOffsetMs"":129706},{""eventType"":""paused"",""sessionOffsetMs"":763753,""mediaOffsetMs"":762956},{""eventType"":""playing"",""sessionOffsetMs"":832883,""mediaOffsetMs"":762970},{""eventType"":""playing"",""sessionOffsetMs"":1427779,""mediaOffsetMs"":1357866},{""eventType"":""playing"",""sessionOffsetMs"":1467118,""mediaOffsetMs"":1397205},{""eventType"":""paused"",""sessionOffsetMs"":1658483,""mediaOffsetMs"":1588551}]"
Jessica,Betty en NY: Season 1_hook_04_16x9,DefaultWidevineAndroidPhone,2022-12-27 15:31:44,BR,"[{""eventType"":""start"",""sessionOffsetMs"":0,""mediaOffsetMs"":0},{""eventType"":""playing"",""sessionOffsetMs"":196,""mediaOffsetMs"":0},{""eventType"":""paused"",""sessionOffsetMs"":1059,""mediaOffsetMs"":786},{""eventType"":""stopped"",""sessionOffsetMs"":3219,""mediaOffsetMs"":792}]"
Jessica,Good Girls: Season 2 (Trailer),DefaultWidevineAndroidPhone,2022-12-27 15:31:43,BR,"[{""eventType"":""start"",""sessionOffsetMs"":0,""mediaOffsetMs"":0},{""eventType"":""playing"",""sessionOffsetMs"":174,""mediaOffsetMs"":0},{""eventType"":""paused"",""sessionOffsetMs"":659,""mediaOffsetMs"":363},{""eventType"":""stopped"",""sessionOffsetMs"":989,""mediaOffsetMs"":385}]"
Jessica,Shooter: Shooter: Season 1_hook_01_16x9,DefaultWidevineAndroidPhone,2022-12-27 15:31:36,BR,"[{""eventType"":""start"",""sessionOffsetMs"":0,""mediaOffsetMs"":0},{""eventType"":""playing"",""sessionOffsetMs"":128,""mediaOffsetMs"":0},{""eventType"":""paused"",""sessionOffsetMs"":6794,""mediaOffsetMs"":6523},{""eventType"":""stopped"",""sessionOffsetMs"":7119,""mediaOffsetMs"":6532}]"
Jessica,Limited Series: Villain / Antagonist Clip: Treason,DefaultWidevineAndroidPhone,2022-12-27 15:31:35,BR,"[{""eventType"":""start"",""sessionOffsetMs"":0,""mediaOffsetMs"":0},{""eventType"":""playing"",""sessionOffsetMs"":182,""mediaOffsetMs"":0},{""eventType"":""paused"",""sessionOffsetMs"":457,""mediaOffsetMs"":198},{""eventType"":""stopped"",""sessionOffsetMs"":1088,""mediaOffsetMs"":201}]"
Jessica,Designated Survivor: Season 3 (Franchise Trailer),DefaultWidevineAndroidPhone,2022-12-27 15:31:33,BR,"[{""eventType"":""start"",""sessionOffsetMs"":0,""mediaOffsetMs"":0},{""eventType"":""playing"",""sessionOffsetMs"":250,""mediaOffsetMs"":0},{""eventType"":""paused"",""sessionOffsetMs"":1055,""mediaOffsetMs"":637},{""eventType"":""stopped"",""sessionOffsetMs"":1601,""mediaOffsetMs"":647}]"
Jessica,Limited Series: Villain / Antagonist Clip: Treason,DefaultWidevineAndroidPhone,2022-12-27 15:31:32,BR,"[{""eventType"":""start"",""sessionOffsetMs"":0,""mediaOffsetMs"":0},{""eventType"":""playing"",""sessionOffsetMs"":784,""mediaOffsetMs"":0},{""eventType"":""paused"",""sessionOffsetMs"":1219,""mediaOffsetMs"":263},{""eventType"":""stopped"",""sessionOffsetMs"":1568,""mediaOffsetMs"":274}]"
Jessica,"Ginny & Georgia: Season 1: ""Pilot""",Samsung Novatek DTV Smart TV,2022-12-27 03:05:30,BR,"[{""eventType"":""start"",""sessionOffsetMs"":0,""mediaOffsetMs"":0},{""eventType"":""playing"",""sessionOffsetMs"":8296,""mediaOffsetMs"":0},{""eventType"":""paused"",""sessionOffsetMs"":2056901,""mediaOffsetMs"":2048000},{""eventType"":""playing"",""sessionOffsetMs"":2058872,""mediaOffsetMs"":2048000},{""eventType"":""paused"",""sessionOffsetMs"":3347828,""mediaOffsetMs"":3337000},{""eventType"":""stopped"",""sessionOffsetMs"":3349616,""mediaOffsetMs"":3337000}]"
Jessica,Até Que A Sorte Nos Separe 3,Samsung Novatek DTV Smart TV,2022-12-26 16:18:24,BR,"[{""eventType"":""start"",""sessionOffsetMs"":0,""mediaOffsetMs"":2859000},{""eventType"":""playing"",""sessionOffsetMs"":7171,""mediaOffsetMs"":2859000},{""eventType"":""paused"",""sessionOffsetMs"":797344,""mediaOffsetMs"":3648000},{""eventType"":""playing"",""sessionOffsetMs"":885392,""mediaOffsetMs"":3648000},{""eventType"":""stopped"",""sessionOffsetMs"":2409219,""mediaOffsetMs"":5171827}]"
Jessica,Até Que A Sorte Nos Separe 3,Samsung Novatek DTV Smart TV,2022-12-26 13:56:19,BR,"[{""eventType"":""start"",""sessionOffsetMs"":0,""mediaOffsetMs"":0},{""eventType"":""playing"",""sessionOffsetMs"":5906,""mediaOffsetMs"":0},{""eventType"":""playing"",""sessionOffsetMs"":7939,""mediaOffsetMs"":2000},{""eventType"":""playing"",""sessionOffsetMs"":11977,""mediaOffsetMs"":6000},{""eventType"":""stopped"",""sessionOffsetMs"":2864906,""mediaOffsetMs"":2858929}]"
Jessica,"Alice in Borderland: Season 1: ""Episode 1""",Samsung Novatek DTV Smart TV,2022-12-26 13:52:28,BR,"[{""eventType"":""start"",""sessionOffsetMs"":0,""mediaOffsetMs"":0},{""eventType"":""playing"",""sessionOffsetMs"":5419,""mediaOffsetMs"":0},{""eventType"":""playing"",""sessionOffsetMs"":12969,""mediaOffsetMs"":8000},{""eventType"":""playing"",""sessionOffsetMs"":15475,""mediaOffsetMs"":10000},{""eventType"":""paused"",""sessionOffsetMs"":185648,""mediaOffsetMs"":180000},{""eventType"":""stopped"",""sessionOffsetMs"":188329,""mediaOffsetMs"":180000}]"
Jessica,The Impossible,Samsung Novatek DTV Smart TV,2022-12-26 13:51:27,BR,"[{""eventType"":""start"",""sessionOffsetMs"":0,""mediaOffsetMs"":1050000},{""eventType"":""playing"",""sessionOffsetMs"":6955,""mediaOffsetMs"":1050000},{""eventType"":""playing"",""sessionOffsetMs"":8890,""mediaOffsetMs"":1051000},{""eventType"":""playing"",""sessionOffsetMs"":15008,""mediaOffsetMs"":1057000},{""eventType"":""paused"",""sessionOffsetMs"":32071,""mediaOffsetMs"":1074000},{""eventType"":""stopped"",""sessionOffsetMs"":34195,""mediaOffsetMs"":1074000}]"
Jessica,Workin' Moms: Season 1 - Upper Bound Clip 4,DefaultWidevineAndroidPhone,2022-12-26 01:35:24,BR,"[{""eventType"":""start"",""sessionOffsetMs"":0,""mediaOffsetMs"":0},{""eventType"":""playing"",""sessionOffsetMs"":991,""mediaOffsetMs"":0},{""eventType"":""paused"",""sessionOffsetMs"":7163,""mediaOffsetMs"":6029},{""eventType"":""stopped"",""sessionOffsetMs"":15152,""mediaOffsetMs"":6036}]"
Jessica,Season 2 Trailer 2: Alice in Borderland,DefaultWidevineAndroidPhone,2022-12-26 01:35:02,BR,"[{""eventType"":""start"",""sessionOffsetMs"":0,""mediaOffsetMs"":0},{""eventType"":""playing"",""sessionOffsetMs"":244,""mediaOffsetMs"":0},{""eventType"":""paused"",""sessionOffsetMs"":618,""mediaOffsetMs"":295},{""eventType"":""stopped"",""sessionOffsetMs"":5505,""mediaOffsetMs"":300}]"
Jessica,Megamind_hook_primary_16x9,DefaultWidevineAndroidPhone,2022-12-26 01:35:00,BR,"[{""eventType"":""start"",""sessionOffsetMs"":0,""mediaOffsetMs"":0},{""eventType"":""playing"",""sessionOffsetMs"":263,""mediaOffsetMs"":0},{""eventType"":""paused"",""sessionOffsetMs"":610,""mediaOffsetMs"":254},{""eventType"":""stopped"",""sessionOffsetMs"":2365,""mediaOffsetMs"":261}]"
Jessica,Shark Tale_hook_primary_16x9,DefaultWidevineAndroidPhone,2022-12-26 01:34:59,BR,"[{""eventType"":""start"",""sessionOffsetMs"":0,""mediaOffsetMs"":0},{""eventType"":""playing"",""sessionOffsetMs"":355,""mediaOffsetMs"":0},{""eventType"":""paused"",""sessionOffsetMs"":679,""mediaOffsetMs"":279},{""eventType"":""stopped"",""sessionOffsetMs"":683,""mediaOffsetMs"":279}]"
Jessica,Lucifer: Season 2_hook_primary_16x9,DefaultWidevineAndroidPhone,2022-12-26 01:34:58,BR,"[{""eventType"":""start"",""sessionOffsetMs"":0,""mediaOffsetMs"":0},{""eventType"":""playing"",""sessionOffsetMs"":311,""mediaOffsetMs"":0},{""eventType"":""paused"",""sessionOffsetMs"":416,""mediaOffsetMs"":4},{""eventType"":""stopped"",""sessionOffsetMs"":924,""mediaOffsetMs"":12}]"
Jessica,Madagascar_hook_primary_16x9,DefaultWidevineAndroidPhone,2022-12-26 01:34:58,BR,"[{""eventType"":""start"",""sessionOffsetMs"":0,""mediaOffsetMs"":0},{""eventType"":""playing"",""sessionOffsetMs"":348,""mediaOffsetMs"":0},{""eventType"":""paused"",""sessionOffsetMs"":375,""mediaOffsetMs"":0},{""eventType"":""stopped"",""sessionOffsetMs"":744,""mediaOffsetMs"":0}]"
Jessica,Season 4 Trailer: Atypical,DefaultWidevineAndroidPhone,2022-12-26 01:34:57,BR,"[{""eventType"":""start"",""sessionOffsetMs"":0,""mediaOffsetMs"":0},{""eventType"":""playing"",""sessionOffsetMs"":246,""mediaOffsetMs"":0},{""eventType"":""paused"",""sessionOffsetMs"":424,""mediaOffsetMs"":115},{""eventType"":""stopped"",""sessionOffsetMs"":431,""mediaOffsetMs"":115}]"
Jessica,Suits: Season 1_hook_primary_16x9,DefaultWidevineAndroidPhone,2022-12-26 01:34:56,BR,"[{""eventType"":""start"",""sessionOffsetMs"":0,""mediaOffsetMs"":0},{""eventType"":""playing"",""sessionOffsetMs"":187,""mediaOffsetMs"":0},{""eventType"":""paused"",""sessionOffsetMs"":267,""mediaOffsetMs"":6},{""eventType"":""stopped"",""sessionOffsetMs"":589,""mediaOffsetMs"":6}]"
Jessica,The Walking Dead: Season 1_hook_primary_16x9,DefaultWidevineAndroidPhone,2022-12-26 01:34:56,BR,"[{""eventType"":""start"",""sessionOffsetMs"":0,""mediaOffsetMs"":0},{""eventType"":""playing"",""sessionOffsetMs"":302,""mediaOffsetMs"":0},{""eventType"":""paused"",""sessionOffsetMs"":627,""mediaOffsetMs"":183},{""eventType"":""stopped"",""sessionOffsetMs"":952,""mediaOffsetMs"":186}]"
Jessica,Mr. Bean's Holiday_hook_primary_16x9,DefaultWidevineAndroidPhone,2022-12-26 01:34:40,BR,"[{""eventType"":""start"",""sessionOffsetMs"":0,""mediaOffsetMs"":0},{""eventType"":""playing"",""sessionOffsetMs"":190,""mediaOffsetMs"":0},{""eventType"":""paused"",""sessionOffsetMs"":1193,""mediaOffsetMs"":894},{""eventType"":""stopped"",""sessionOffsetMs"":3052,""mediaOffsetMs"":905}]"
Jessica,Attraction 2_hook_primary_16x9,DefaultWidevineAndroidPhone,2022-12-26 01:34:39,BR,"[{""eventType"":""start"",""sessionOffsetMs"":0,""mediaOffsetMs"":0},{""eventType"":""playing"",""sessionOffsetMs"":245,""mediaOffsetMs"":0},{""eventType"":""paused"",""sessionOffsetMs"":562,""mediaOffsetMs"":265},{""eventType"":""stopped"",""sessionOffsetMs"":921,""mediaOffsetMs"":272}]"
Jessica,Trailer: Day Shift,DefaultWidevineAndroidPhone,2022-12-26 01:34:36,BR,"[{""eventType"":""start"",""sessionOffsetMs"":0,""mediaOffsetMs"":0},{""eventType"":""playing"",""sessionOffsetMs"":122,""mediaOffsetMs"":0},{""eventType"":""paused"",""sessionOffsetMs"":726,""mediaOffsetMs"":444},{""eventType"":""stopped"",""sessionOffsetMs"":2172,""mediaOffsetMs"":448}]"
Jessica,3% (Trailer),DefaultWidevineAndroidPhone,2022-12-26 01:34:35,BR,"[{""eventType"":""start"",""sessionOffsetMs"":0,""mediaOffsetMs"":0},{""eventType"":""playing"",""sessionOffsetMs"":167,""mediaOffsetMs"":0},{""eventType"":""paused"",""sessionOffsetMs"":1640,""mediaOffsetMs"":1368},{""eventType"":""stopped"",""sessionOffsetMs"":1969,""mediaOffsetMs"":1376}]"
Jessica,Trailer: Get the Grift,DefaultWidevineAndroidPhone,2022-12-26 01:34:33,BR,"[{""eventType"":""start"",""sessionOffsetMs"":0,""mediaOffsetMs"":0},{""eventType"":""playing"",""sessionOffsetMs"":99,""mediaOffsetMs"":0},{""eventType"":""paused"",""sessionOffsetMs"":972,""mediaOffsetMs"":726},{""eventType"":""stopped"",""sessionOffsetMs"":1320,""mediaOffsetMs"":728}]"
Jessica,Tô Ryca_hook_03_16x9,DefaultWidevineAndroidPhone,2022-12-26 01:34:32,BR,"[{""eventType"":""start"",""sessionOffsetMs"":0,""mediaOffsetMs"":0},{""eventType"":""playing"",""sessionOffsetMs"":178,""mediaOffsetMs"":0},{""eventType"":""paused"",""sessionOffsetMs"":809,""mediaOffsetMs"":552},{""eventType"":""stopped"",""sessionOffsetMs"":1139,""mediaOffsetMs"":557}]"
Jessica,Os Homens São de Marte… e É pra Lá que Eu Vou!_hook_primary_16x9,DefaultWidevineAndroidPhone,2022-12-26 01:34:31,BR,"[{""eventType"":""start"",""sessionOffsetMs"":0,""mediaOffsetMs"":0},{""eventType"":""playing"",""sessionOffsetMs"":153,""mediaOffsetMs"":0},{""eventType"":""paused"",""sessionOffsetMs"":1035,""mediaOffsetMs"":762},{""eventType"":""stopped"",""sessionOffsetMs"":1370,""mediaOffsetMs"":766}]"
Jessica,Relatable Clip: Whindersson Nunes: É de mim mesmo,DefaultWidevineAndroidPhone,2022-12-26 01:34:21,BR,"[{""eventType"":""start"",""sessionOffsetMs"":0,""mediaOffsetMs"":0},{""eventType"":""playing"",""sessionOffsetMs"":415,""mediaOffsetMs"":0},{""eventType"":""playing"",""sessionOffsetMs"":7217,""mediaOffsetMs"":7424},{""eventType"":""paused"",""sessionOffsetMs"":7450,""mediaOffsetMs"":6901},{""eventType"":""reposition"",""sessionOffsetMs"":7478,""mediaOffsetMs"":0},{""eventType"":""playing"",""sessionOffsetMs"":7549,""mediaOffsetMs"":0},{""eventType"":""playing"",""sessionOffsetMs"":7606,""mediaOffsetMs"":0},{""eventType"":""paused"",""sessionOffsetMs"":9712,""mediaOffsetMs"":1996},{""eventType"":""stopped"",""sessionOffsetMs"":10193,""mediaOffsetMs"":2004}]"
Jessica,Chiquititas_hook_primary_16x9,DefaultWidevineAndroidPhone,2022-12-26 01:34:19,BR,"[{""eventType"":""start"",""sessionOffsetMs"":0,""mediaOffsetMs"":0},{""eventType"":""playing"",""sessionOffsetMs"":187,""mediaOffsetMs"":0},{""eventType"":""paused"",""sessionOffsetMs"":272,""mediaOffsetMs"":9},{""eventType"":""stopped"",""sessionOffsetMs"":1252,""mediaOffsetMs"":15}]"
Jessica,Season 2 Teaser 2: Daughter From Another Mother,DefaultWidevineAndroidPhone,2022-12-26 01:34:18,BR,"[{""eventType"":""start"",""sessionOffsetMs"":0,""mediaOffsetMs"":0},{""eventType"":""playing"",""sessionOffsetMs"":241,""mediaOffsetMs"":0},{""eventType"":""paused"",""sessionOffsetMs"":869,""mediaOffsetMs"":512},{""eventType"":""stopped"",""sessionOffsetMs"":1505,""mediaOffsetMs"":518}]"
Jessica,Season 1 Genre Specific Moment Clip: The Witcher: Blood Origin,DefaultWidevineAndroidPhone,2022-12-26 01:34:17,BR,"[{""eventType"":""start"",""sessionOffsetMs"":0,""mediaOffsetMs"":0},{""eventType"":""playing"",""sessionOffsetMs"":372,""mediaOffsetMs"":0},{""eventType"":""paused"",""sessionOffsetMs"":531,""mediaOffsetMs"":104},{""eventType"":""stopped"",""sessionOffsetMs"":536,""mediaOffsetMs"":104}]"
Jessica,Main Character Clip 4: Glass Onion: A Knives Out Mystery,DefaultWidevineAndroidPhone,2022-12-26 01:34:17,BR,"[{""eventType"":""start"",""sessionOffsetMs"":0,""mediaOffsetMs"":0},{""eventType"":""playing"",""sessionOffsetMs"":408,""mediaOffsetMs"":0},{""eventType"":""paused"",""sessionOffsetMs"":635,""mediaOffsetMs"":207},{""eventType"":""stopped"",""sessionOffsetMs"":642,""mediaOffsetMs"":207}]"
Jessica,Main Character Intro Clip: Chickenhare and the Hamster of Darkness,DefaultWidevineAndroidPhone,2022-12-26 01:34:16,BR,"[{""eventType"":""start"",""sessionOffsetMs"":0,""mediaOffsetMs"":0},{""eventType"":""playing"",""sessionOffsetMs"":160,""mediaOffsetMs"":0},{""eventType"":""paused"",""sessionOffsetMs"":419,""mediaOffsetMs"":183},{""eventType"":""stopped"",""sessionOffsetMs"":425,""mediaOffsetMs"":183}]"
Jessica,Jane the Virgin: Season 1_hook_primary_16x9,DefaultWidevineAndroidPhone,2022-12-26 01:34:15,BR,"[{""eventType"":""start"",""sessionOffsetMs"":0,""mediaOffsetMs"":0},{""eventType"":""playing"",""sessionOffsetMs"":197,""mediaOffsetMs"":0},{""eventType"":""paused"",""sessionOffsetMs"":507,""mediaOffsetMs"":199},{""eventType"":""stopped"",""sessionOffsetMs"":836,""mediaOffsetMs"":204}]"
Jessica,Barnyard_hook_primary_16x9,DefaultWidevineAndroidPhone,2022-12-26 01:34:15,BR,"[{""eventType"":""start"",""sessionOffsetMs"":0,""mediaOffsetMs"":0},{""eventType"":""playing"",""sessionOffsetMs"":164,""mediaOffsetMs"":0},{""eventType"":""paused"",""sessionOffsetMs"":375,""mediaOffsetMs"":150},{""eventType"":""stopped"",""sessionOffsetMs"":705,""mediaOffsetMs"":158}]"
Jessica,Orange is the New Black: Season 2 (Trailer 1),DefaultWidevineAndroidPhone,2022-12-26 01:34:14,BR,"[{""eventType"":""start"",""sessionOffsetMs"":0,""mediaOffsetMs"":0},{""eventType"":""playing"",""sessionOffsetMs"":174,""mediaOffsetMs"":0},{""eventType"":""paused"",""sessionOffsetMs"":481,""mediaOffsetMs"":258},{""eventType"":""stopped"",""sessionOffsetMs"":486,""mediaOffsetMs"":258}]"
Jessica,Good Girls: Season 1 (Trailer),DefaultWidevineAndroidPhone,2022-12-26 01:34:13,BR,"[{""eventType"":""start"",""sessionOffsetMs"":0,""mediaOffsetMs"":0},{""eventType"":""playing"",""sessionOffsetMs"":223,""mediaOffsetMs"":0},{""eventType"":""paused"",""sessionOffsetMs"":532,""mediaOffsetMs"":196},{""eventType"":""stopped"",""sessionOffsetMs"":857,""mediaOffsetMs"":203}]"
Jessica,Season 2 Teaser 2: Daughter From Another Mother,DefaultWidevineAndroidPhone,2022-12-26 01:33:27,BR,"[{""eventType"":""start"",""sessionOffsetMs"":0,""mediaOffsetMs"":0},{""eventType"":""playing"",""sessionOffsetMs"":370,""mediaOffsetMs"":0},{""eventType"":""paused"",""sessionOffsetMs"":1272,""mediaOffsetMs"":807},{""eventType"":""stopped"",""sessionOffsetMs"":1313,""mediaOffsetMs"":807}]"
Jessica,Trailer: Reviviendo la Navidad,DefaultWidevineAndroidPhone,2022-12-26 01:33:26,BR,"[{""eventType"":""start"",""sessionOffsetMs"":0,""mediaOffsetMs"":0},{""eventType"":""playing"",""sessionOffsetMs"":240,""mediaOffsetMs"":0},{""eventType"":""paused"",""sessionOffsetMs"":689,""mediaOffsetMs"":359},{""eventType"":""stopped"",""sessionOffsetMs"":1024,""mediaOffsetMs"":362}]"
Jessica,Season 2 Teaser 2: Daughter From Another Mother,DefaultWidevineAndroidPhone,2022-12-26 01:33:25,BR,"[{""eventType"":""start"",""sessionOffsetMs"":0,""mediaOffsetMs"":0},{""eventType"":""playing"",""sessionOffsetMs"":381,""mediaOffsetMs"":0},{""eventType"":""paused"",""sessionOffsetMs"":497,""mediaOffsetMs"":75},{""eventType"":""stopped"",""sessionOffsetMs"":829,""mediaOffsetMs"":80}]"
Jessica,Season 1 Genre Specific Moment Clip: The Witcher: Blood Origin,DefaultWidevineAndroidPhone,2022-12-26 01:33:25,BR,"[{""eventType"":""start"",""sessionOffsetMs"":0,""mediaOffsetMs"":0},{""eventType"":""playing"",""sessionOffsetMs"":338,""mediaOffsetMs"":0},{""eventType"":""paused"",""sessionOffsetMs"":591,""mediaOffsetMs"":206},{""eventType"":""stopped"",""sessionOffsetMs"":597,""mediaOffsetMs"":206}]"
Jessica,Main Character Clip 4: Glass Onion: A Knives Out Mystery,DefaultWidevineAndroidPhone,2022-12-26 01:33:24,BR,"[{""eventType"":""start"",""sessionOffsetMs"":0,""mediaOffsetMs"":0},{""eventType"":""playing"",""sessionOffsetMs"":223,""mediaOffsetMs"":0},{""eventType"":""paused"",""sessionOffsetMs"":437,""mediaOffsetMs"":137},{""eventType"":""stopped"",""sessionOffsetMs"":770,""mediaOffsetMs"":145}]"
Jessica,Jane the Virgin: Season 1_hook_primary_16x9,DefaultWidevineAndroidPhone,2022-12-26 01:33:23,BR,"[{""eventType"":""start"",""sessionOffsetMs"":-1407,""mediaOffsetMs"":0},{""eventType"":""stopped"",""sessionOffsetMs"":507,""mediaOffsetMs"":0}]"
Jessica,Main Character Intro Clip: Chickenhare and the Hamster of Darkness,DefaultWidevineAndroidPhone,2022-12-26 01:33:23,BR,"[{""eventType"":""start"",""sessionOffsetMs"":0,""mediaOffsetMs"":0},{""eventType"":""playing"",""sessionOffsetMs"":131,""mediaOffsetMs"":0},{""eventType"":""paused"",""sessionOffsetMs"":471,""mediaOffsetMs"":164},{""eventType"":""stopped"",""sessionOffsetMs"":806,""mediaOffsetMs"":176}]"
Jessica,Barnyard_hook_primary_16x9,DefaultWidevineAndroidPhone,2022-12-26 01:33:21,BR,"[{""eventType"":""start"",""sessionOffsetMs"":0,""mediaOffsetMs"":0},{""eventType"":""playing"",""sessionOffsetMs"":316,""mediaOffsetMs"":0},{""eventType"":""paused"",""sessionOffsetMs"":1702,""mediaOffsetMs"":1279},{""eventType"":""stopped"",""sessionOffsetMs"":2043,""mediaOffsetMs"":1285}]"
Jessica,Good Girls: Season 1 (Trailer),DefaultWidevineAndroidPhone,2022-12-26 01:33:19,BR,"[{""eventType"":""start"",""sessionOffsetMs"":0,""mediaOffsetMs"":0},{""eventType"":""playing"",""sessionOffsetMs"":227,""mediaOffsetMs"":0},{""eventType"":""paused"",""sessionOffsetMs"":869,""mediaOffsetMs"":556},{""eventType"":""stopped"",""sessionOffsetMs"":939,""mediaOffsetMs"":563}]"
Jessica,Moment of High Emotion Clip: Roald Dahl's Matilda The Musical,DefaultWidevineAndroidPhone,2022-12-26 01:33:19,BR,"[{""eventType"":""start"",""sessionOffsetMs"":0,""mediaOffsetMs"":0},{""eventType"":""playing"",""sessionOffsetMs"":971,""mediaOffsetMs"":0},{""eventType"":""paused"",""sessionOffsetMs"":1319,""mediaOffsetMs"":242},{""eventType"":""stopped"",""sessionOffsetMs"":1656,""mediaOffsetMs"":245}]"
