Profile Name,Sent Utc Ts,Message Name,Channel,Country Iso Code,Account Locale,Email Locale,Title Name,Email Domain Name,Link Url,Click Utc Ts,Device Model,Click Cnt
Jessica,2023-01-23 22:04:55,Inapp Originals Prepromote,NOTIFICATIONS,BR,pt-BR,,The Endless Night,GMAIL.COM,,,--,0
Jessica,2023-01-23 22:04:55,EMAIL_ORIGINALS_PREPROMOTE,EMAIL,BR,pt-BR,pt-BR,The Endless Night,GMAIL.COM,,,--,0
Jessica,2023-01-21 17:39:49,EMAIL_NEW_ARRIVALS,EMAIL,BR,pt-BR,pt-BR,"I, Tonya",GMAIL.COM,,,--,0
Jessica,2023-01-21 17:39:48,Inapp New Arrivals,NOTIFICATIONS,BR,pt-BR,,"I, Tonya",GMAIL.COM,,,--,0
Jessica,2023-01-21 17:39:48,PUSH_NEW_ARRIVALS,PUSH,BR,pt-BR,pt-BR,"I, Tonya",GMAIL.COM,,,Xiaomi_M2101K7AG_chid_497730f0-ad4b-11e7-95a4-c7ad113ce187,0
Jessica,2023-01-17 16:54:20,PUSH_NEW_ARRIVALS,PUSH,BR,pt-BR,pt-BR,Dog Gone,GMAIL.COM,,,Xiaomi_M2101K7AG_chid_497730f0-ad4b-11e7-95a4-c7ad113ce187,0
Jessica,2023-01-17 11:40:24,EMAIL_NEW_ARRIVALS,EMAIL,BR,pt-BR,pt-BR,Dog Gone,GMAIL.COM,,,--,0
Jessica,2023-01-17 11:40:23,Inapp New Arrivals,NOTIFICATIONS,BR,pt-BR,,Dog Gone,GMAIL.COM,,,--,0
Jessica,2023-01-15 17:55:01,Edr Request Verification,EMAIL,BR,pt-BR,pt-BR,,GMAIL.COM,,2023-01-16 22:21:28,--,1
Jessica,2023-01-09 18:21:21,Multichannel Continue Watching,NOTIFICATIONS,BR,,,Emily in Paris,GMAIL.COM,,,--,0
Jessica,2023-01-09 17:56:23,Multichannel Continue Watching,PUSH,BR,pt-BR,pt-BR,Emily in Paris,GMAIL.COM,,,Xiaomi_M2101K7AG,0
Jessica,2023-01-09 15:09:28,Multichannel Continue Watching,EMAIL,BR,pt-BR,pt-BR,Emily in Paris,GMAIL.COM,,,--,0
Jessica,2023-01-06 18:06:25,PUSH_NEW_SEASON_ALERT,PUSH,BR,pt-BR,pt-BR,Ginny & Georgia,GMAIL.COM,,,Xiaomi_M2101K7AG,0
Jessica,2023-01-06 18:06:25,EMAIL_NEW_SEASON_ALERT,EMAIL,BR,pt-BR,pt-BR,Ginny & Georgia,GMAIL.COM,,,--,0
Jessica,2023-01-06 18:06:24,Inapp New Season Alert,NOTIFICATIONS,BR,pt-BR,,Ginny & Georgia,GMAIL.COM,,,--,0
Jessica,2023-01-05 18:28:04,Multichannel What To Watch,NOTIFICATIONS,BR,,,Ginny & Georgia,GMAIL.COM,,,--,0
Jessica,2023-01-05 18:28:03,Multichannel What To Watch,PUSH,BR,pt-BR,pt-BR,Ginny & Georgia,GMAIL.COM,,,Xiaomi_M2101K7AG,0
Jessica,2023-01-05 15:04:33,Multichannel What To Watch,EMAIL,BR,pt-BR,pt-BR,Ginny & Georgia,GMAIL.COM,,,--,0
Jessica,2023-01-03 20:32:48,PUSH_ORIGINALS_PREPROMOTE,PUSH,BR,pt-BR,pt-BR,Ginny & Georgia,GMAIL.COM,,,Xiaomi_M2101K7AG,0
Jessica,2023-01-03 20:32:34,EMAIL_ORIGINALS_PREPROMOTE,EMAIL,BR,pt-BR,pt-BR,Ginny & Georgia,GMAIL.COM,,,--,0
Jessica,2023-01-03 20:32:33,Inapp Originals Prepromote,NOTIFICATIONS,BR,pt-BR,,Ginny & Georgia,GMAIL.COM,,,--,0
Jessica,2022-12-28 19:47:40,EMAIL_ORIGINALS_PREPROMOTE,EMAIL,BR,pt-BR,pt-BR,White Noise,GMAIL.COM,,,--,0
Jessica,2022-12-28 19:47:40,PUSH_ORIGINALS_PREPROMOTE,PUSH,BR,pt-BR,pt-BR,White Noise,GMAIL.COM,,,Xiaomi_M2101K7AG,0
Jessica,2022-12-28 19:47:40,Inapp Originals Prepromote,NOTIFICATIONS,BR,pt-BR,,White Noise,GMAIL.COM,,,--,0
Jessica,2022-12-21 15:56:19,PUSH_NEW_SEASON_ALERT_REMIND_ME,PUSH,BR,pt-BR,pt-BR,Emily in Paris,GMAIL.COM,,,Xiaomi_M2101K7AG,0
Jessica,2022-12-21 10:13:03,Inapp New Season Alert Remind Me,NOTIFICATIONS,BR,pt-BR,,Emily in Paris,GMAIL.COM,,,Xiaomi_M2101K7AG_chid_497730f0-ad4b-11e7-95a4-c7ad113ce187,0
Jessica,2022-12-21 10:13:03,EMAIL_NEW_SEASON_ALERT_REMIND_ME,EMAIL,BR,pt-BR,pt-BR,Emily in Paris,GMAIL.COM,,,--,0
Jessica,2022-12-20 15:42:01,PUSH_ORIGINALS_PREPROMOTE,PUSH,BR,pt-BR,pt-BR,Emily in Paris,GMAIL.COM,,,Xiaomi_M2101K7AG,0
Jessica,2022-12-19 23:16:57,EMAIL_ORIGINALS_PREPROMOTE,EMAIL,BR,pt-BR,pt-BR,Emily in Paris,GMAIL.COM,,,--,0
Jessica,2022-12-19 23:16:57,Inapp Originals Prepromote,NOTIFICATIONS,BR,pt-BR,,Emily in Paris,GMAIL.COM,,,--,0
Jessica,2022-12-16 15:53:12,PUSH_NEW_ARRIVALS_REMIND_ME,PUSH,BR,pt-BR,pt-BR,The Recruit,GMAIL.COM,,,Xiaomi_M2101K7AG,0
Jessica,2022-12-16 11:59:54,EMAIL_NEW_ARRIVALS_REMIND_ME,EMAIL,BR,pt-BR,pt-BR,The Recruit,GMAIL.COM,,,--,0
Jessica,2022-12-16 11:59:53,Inapp New Arrivals Remind Me,NOTIFICATIONS,BR,pt-BR,,The Recruit,GMAIL.COM,,,Xiaomi_M2101K7AG_chid_497730f0-ad4b-11e7-95a4-c7ad113ce187,0
Jessica,2022-12-15 15:41:19,PUSH_NEW_ARRIVALS_REMIND_ME,PUSH,BR,pt-BR,pt-BR,The Big 4,GMAIL.COM,,,Xiaomi_M2101K7AG,0
Jessica,2022-12-15 10:44:48,Inapp New Arrivals Remind Me,NOTIFICATIONS,BR,pt-BR,,The Big 4,GMAIL.COM,,,--,0
Jessica,2022-12-15 10:44:48,EMAIL_NEW_ARRIVALS_REMIND_ME,EMAIL,BR,pt-BR,pt-BR,The Big 4,GMAIL.COM,,,--,0
Jessica,2022-11-17 15:10:23,PUSH_NEW_ARRIVALS_REMIND_ME,PUSH,BR,pt-BR,pt-BR,1899,GMAIL.COM,,,Xiaomi_M2101K7AG,0
Jessica,2022-11-17 11:54:26,EMAIL_NEW_ARRIVALS_REMIND_ME,EMAIL,BR,pt-BR,pt-BR,1899,GMAIL.COM,,,--,0
Jessica,2022-11-17 11:54:26,Inapp New Arrivals Remind Me,NOTIFICATIONS,BR,pt-BR,,1899,GMAIL.COM,,,--,0
Jessica,2022-11-13 15:31:16,PUSH_NEW_ARRIVALS,PUSH,BR,pt-BR,pt-BR,Falling for Christmas,GMAIL.COM,,,Xiaomi_M2101K7AG,0
Jessica,2022-11-13 12:07:05,Inapp New Arrivals,NOTIFICATIONS,BR,pt-BR,,Falling for Christmas,GMAIL.COM,,,Xiaomi_M2101K7AG_chid_497730f0-ad4b-11e7-95a4-c7ad113ce187,0
Jessica,2022-11-13 12:07:05,EMAIL_NEW_ARRIVALS,EMAIL,BR,pt-BR,pt-BR,Falling for Christmas,GMAIL.COM,,,--,0
Jessica,2022-11-11 15:59:13,PUSH_NEW_SEASON_ALERT,PUSH,BR,pt-BR,pt-BR,The Crown,GMAIL.COM,,,Xiaomi_M2101K7AG,0
Jessica,2022-11-11 14:51:16,EMAIL_NEW_SEASON_ALERT,EMAIL,BR,pt-BR,pt-BR,The Crown,GMAIL.COM,,,--,0
Jessica,2022-11-11 14:51:16,Inapp New Season Alert,NOTIFICATIONS,BR,pt-BR,,The Crown,GMAIL.COM,,,Xiaomi_M2101K7AG_chid_497730f0-ad4b-11e7-95a4-c7ad113ce187,0
Jessica,2022-11-11 14:46:52,Inapp New Season Alert,NOTIFICATIONS,BR,pt-BR,,The Crown,GMAIL.COM,,,--,0
Jessica,2022-11-09 15:38:12,PUSH_NEW_ARRIVALS_REMIND_ME,PUSH,BR,pt-BR,pt-BR,The Soccer Football Movie,GMAIL.COM,,,Xiaomi_M2101K7AG,0
Jessica,2022-11-09 09:18:45,Inapp New Arrivals Remind Me,NOTIFICATIONS,BR,pt-BR,,The Soccer Football Movie,GMAIL.COM,,,--,0
Jessica,2022-11-09 09:18:45,EMAIL_NEW_ARRIVALS_REMIND_ME,EMAIL,BR,pt-BR,pt-BR,The Soccer Football Movie,GMAIL.COM,,,--,0
Jessica,2022-11-08 16:08:21,PUSH_NEW_ARRIVALS,PUSH,BR,pt-BR,pt-BR,The Claus Family 2,GMAIL.COM,,,Xiaomi_M2101K7AG,0
Jessica,2022-11-08 16:08:18,EMAIL_NEW_ARRIVALS_TITLE_GROUPS,EMAIL,BR,pt-BR,pt-BR,The Claus Family 2,GMAIL.COM,,,--,0
Jessica,2022-11-05 16:05:07,PUSH_NEW_ARRIVALS,PUSH,BR,pt-BR,pt-BR,Enola Holmes 2,GMAIL.COM,,,Xiaomi_M2101K7AG_chid_497730f0-ad4b-11e7-95a4-c7ad113ce187,0
Jessica,2022-11-05 00:47:49,EMAIL_NEW_ARRIVALS_TITLE_GROUPS,EMAIL,BR,pt-BR,pt-BR,Enola Holmes 2,GMAIL.COM,,,--,0
Jessica,2022-11-03 15:25:27,PUSH_ORIGINALS_PREPROMOTE,PUSH,BR,pt-BR,pt-BR,Enola Holmes 2,GMAIL.COM,,,Xiaomi_M2101K7AG,0
Jessica,2022-11-02 22:51:47,EMAIL_ORIGINALS_PREPROMOTE_TITLE_GROUPS,EMAIL,BR,pt-BR,pt-BR,Enola Holmes 2,GMAIL.COM,,,--,0
Jessica,2022-10-30 03:41:09,Profile Transfer Fully Enabled Confirmation,EMAIL,BR,pt-BR,pt-BR,,GMAIL.COM,,,--,0
Jessica,2022-10-29 15:38:01,Multichannel What To Watch,NOTIFICATIONS,BR,,,Manifest,GMAIL.COM,,,--,0
Jessica,2022-10-29 15:38:01,Multichannel What To Watch,PUSH,BR,pt-BR,pt-BR,Manifest,GMAIL.COM,,,Xiaomi_M2101K7AG,0
Jessica,2022-10-29 15:04:46,Multichannel What To Watch,EMAIL,BR,pt-BR,pt-BR,Manifest,GMAIL.COM,,,--,0
Jessica,2022-10-28 16:22:29,PUSH_NEW_ARRIVALS_REMIND_ME,PUSH,BR,pt-BR,pt-BR,If Only,GMAIL.COM,,,Xiaomi_M2101K7AG,0
Jessica,2022-10-28 13:18:48,EMAIL_NEW_ARRIVALS_REMIND_ME,EMAIL,BR,pt-BR,pt-BR,If Only,GMAIL.COM,,,--,0
Jessica,2022-10-28 13:18:47,Inapp New Arrivals Remind Me,NOTIFICATIONS,BR,pt-BR,,If Only,GMAIL.COM,,,--,0
Jessica,2022-10-27 16:44:05,PUSH_NEW_ARRIVALS_REMIND_ME,PUSH,BR,pt-BR,pt-BR,Daniel Spellbound,GMAIL.COM,,,Xiaomi_M2101K7AG,0
Jessica,2022-10-27 16:42:04,PUSH_NEW_SEASON_ALERT,PUSH,BR,pt-BR,pt-BR,Family Reunion,GMAIL.COM,,,Xiaomi_M2101K7AG,0
Jessica,2022-10-27 11:06:09,Inapp New Arrivals Remind Me,NOTIFICATIONS,BR,pt-BR,,Daniel Spellbound,GMAIL.COM,,,--,0
Jessica,2022-10-27 11:06:09,EMAIL_NEW_ARRIVALS_REMIND_ME,EMAIL,BR,pt-BR,pt-BR,Daniel Spellbound,GMAIL.COM,,,--,0
Jessica,2022-10-27 11:05:28,Inapp New Season Alert,NOTIFICATIONS,BR,pt-BR,,Family Reunion,GMAIL.COM,,,--,0
Jessica,2022-10-27 11:05:28,EMAIL_NEW_SEASON_ALERT,EMAIL,BR,pt-BR,pt-BR,Family Reunion,GMAIL.COM,,,--,0
Jessica,2022-10-25 20:18:01,EMAIL_ORIGINALS_PREPROMOTE,EMAIL,BR,pt-BR,pt-BR,Family Reunion,GMAIL.COM,,,--,0
Jessica,2022-10-25 20:18:01,Inapp Originals Prepromote,NOTIFICATIONS,BR,pt-BR,,Family Reunion,GMAIL.COM,,,--,0
Jessica,2022-10-24 19:41:02,Inapp Originals Prepromote,NOTIFICATIONS,BR,pt-BR,,The Good Nurse,GMAIL.COM,,,--,0
Jessica,2022-10-24 19:41:02,EMAIL_ORIGINALS_PREPROMOTE,EMAIL,BR,pt-BR,pt-BR,The Good Nurse,GMAIL.COM,,,--,0
Jessica,2022-10-24 19:41:02,PUSH_ORIGINALS_PREPROMOTE,PUSH,BR,pt-BR,pt-BR,The Good Nurse,GMAIL.COM,,,Xiaomi_M2101K7AG,0
Jessica,2022-10-23 15:10:13,PUSH_CONTENT_LEAVING_THE_SERVICE,PUSH,BR,pt-BR,pt-BR,Sonic the Hedgehog,GMAIL.COM,,,Xiaomi_M2101K7AG,0
Jessica,2022-10-23 14:26:45,EMAIL_CONTENT_LEAVING_THE_SERVICE,EMAIL,BR,pt-BR,pt-BR,Sonic the Hedgehog,GMAIL.COM,,,--,0
Jessica,2022-10-23 14:26:45,Inapp Content Leaving The Service,NOTIFICATIONS,BR,pt-BR,,Sonic the Hedgehog,GMAIL.COM,,,--,0
Jessica,2022-10-20 03:58:32,Profile Transfer Implicit Approval Pending Email,EMAIL,BR,pt-BR,pt-BR,,GMAIL.COM,,,--,0
Jessica,2022-10-19 16:33:10,PUSH_NEW_ARRIVALS,PUSH,BR,pt-BR,pt-BR,The School for Good and Evil,GMAIL.COM,,,Xiaomi_M2101K7AG_chid_497730f0-ad4b-11e7-95a4-c7ad113ce187,0
Jessica,2022-10-19 14:02:43,EMAIL_NEW_ARRIVALS,EMAIL,BR,pt-BR,pt-BR,The School for Good and Evil,GMAIL.COM,,,--,0
Jessica,2022-10-19 14:02:42,Inapp New Arrivals,NOTIFICATIONS,BR,pt-BR,,The School for Good and Evil,GMAIL.COM,,,--,0
Jessica,2022-10-16 15:42:02,PUSH_NEW_ARRIVALS,PUSH,BR,pt-BR,pt-BR,The Curse of Bridge Hollow,GMAIL.COM,,,Xiaomi_M2101K7AG_chid_497730f0-ad4b-11e7-95a4-c7ad113ce187,0
Jessica,2022-10-16 13:46:47,Inapp New Arrivals,NOTIFICATIONS,BR,pt-BR,,The Curse of Bridge Hollow,GMAIL.COM,,,--,0
Jessica,2022-10-16 13:46:47,EMAIL_NEW_ARRIVALS,EMAIL,BR,pt-BR,pt-BR,The Curse of Bridge Hollow,GMAIL.COM,,,--,0
Jessica,2022-10-12 21:04:23,EMAIL_ORIGINALS_PREPROMOTE,EMAIL,BR,pt-BR,pt-BR,The Curse of Bridge Hollow,GMAIL.COM,,,--,0
Jessica,2022-10-12 21:04:23,Inapp Originals Prepromote,NOTIFICATIONS,BR,pt-BR,,The Curse of Bridge Hollow,GMAIL.COM,,,--,0
Jessica,2022-10-12 21:04:23,PUSH_ORIGINALS_PREPROMOTE,PUSH,BR,pt-BR,pt-BR,The Curse of Bridge Hollow,GMAIL.COM,,,Xiaomi_M2101K7AG,0
Jessica,2022-10-12 15:25:24,PUSH_NEW_ARRIVALS_REMIND_ME,PUSH,BR,pt-BR,pt-BR,Wild Croc Territory,GMAIL.COM,,,Xiaomi_M2101K7AG,0
Jessica,2022-10-12 11:25:58,EMAIL_NEW_ARRIVALS_REMIND_ME,EMAIL,BR,pt-BR,pt-BR,Wild Croc Territory,GMAIL.COM,,,--,0
Jessica,2022-10-12 11:25:57,Inapp New Arrivals Remind Me,NOTIFICATIONS,BR,pt-BR,,Wild Croc Territory,GMAIL.COM,,,--,0
Jessica,2022-10-07 16:30:10,PUSH_NEW_BATCH_ALERT,PUSH,BR,pt-BR,pt-BR,TIGER & BUNNY,GMAIL.COM,,,Xiaomi_M2101K7AG_chid_497730f0-ad4b-11e7-95a4-c7ad113ce187,0
Jessica,2022-10-07 16:21:48,EMAIL_NEW_ARRIVALS_REMIND_ME,EMAIL,BR,pt-BR,pt-BR,Glitch,GMAIL.COM,,,--,0
Jessica,2022-10-07 16:21:48,Inapp New Arrivals Remind Me,NOTIFICATIONS,BR,pt-BR,,Glitch,GMAIL.COM,,,--,0
Jessica,2022-10-07 16:21:48,PUSH_NEW_ARRIVALS_REMIND_ME,PUSH,BR,pt-BR,pt-BR,Glitch,GMAIL.COM,,2022-10-07 16:25:45,Xiaomi_M2101K7AG,1
Jessica,2022-10-07 10:07:09,Inapp New Batch Alert,NOTIFICATIONS,BR,pt-BR,,TIGER & BUNNY,GMAIL.COM,,,--,0
Jessica,2022-10-07 10:07:09,EMAIL_NEW_BATCH_ALERT,EMAIL,BR,pt-BR,pt-BR,TIGER & BUNNY,GMAIL.COM,,,--,0
Jessica,2022-10-05 15:15:18,PUSH_NEW_ARRIVALS,PUSH,BR,pt-BR,pt-BR,High Water,GMAIL.COM,,,Xiaomi_M2101K7AG,0
Jessica,2022-10-05 09:14:55,EMAIL_NEW_ARRIVALS,EMAIL,BR,pt-BR,pt-BR,High Water,GMAIL.COM,,,--,0
Jessica,2022-10-05 09:14:55,Inapp New Arrivals,NOTIFICATIONS,BR,pt-BR,,High Water,GMAIL.COM,,,--,0
Jessica,2022-10-04 15:30:44,PUSH_ORIGINALS_PREPROMOTE,PUSH,BR,pt-BR,pt-BR,High Water,GMAIL.COM,,,Xiaomi_M2101K7AG,0
Jessica,2022-10-03 23:25:15,EMAIL_ORIGINALS_PREPROMOTE,EMAIL,BR,pt-BR,pt-BR,High Water,GMAIL.COM,,,--,0
Jessica,2022-10-03 23:25:15,Inapp Originals Prepromote,NOTIFICATIONS,BR,pt-BR,,High Water,GMAIL.COM,,,--,0
Jessica,2022-10-01 16:53:11,PUSH_NEW_ARRIVALS_REMIND_ME,PUSH,BR,pt-BR,pt-BR,The Boss Baby,GMAIL.COM,,,Xiaomi_M2101K7AG,0
Jessica,2022-10-01 04:52:36,EMAIL_NEW_ARRIVALS_REMIND_ME,EMAIL,BR,pt-BR,pt-BR,The Boss Baby,GMAIL.COM,,,--,0
Jessica,2022-10-01 04:52:35,Inapp New Arrivals Remind Me,NOTIFICATIONS,BR,pt-BR,,The Boss Baby,GMAIL.COM,,,--,0
Jessica,2022-09-28 15:16:10,PUSH_WATCH_IT_AGAIN,PUSH,BR,pt-BR,pt-BR,Smother-in-Law,GMAIL.COM,,,Xiaomi_M2101K7AG,0
Jessica,2022-09-28 15:16:06,Inapp Watch It Again,NOTIFICATIONS,BR,pt-BR,,Smother-in-Law,GMAIL.COM,,,--,0
Jessica,2022-09-28 15:16:06,EMAIL_WATCH_IT_AGAIN,EMAIL,BR,pt-BR,pt-BR,Smother-in-Law,GMAIL.COM,,,--,0
Jessica,2022-09-27 16:45:29,PUSH_NEW_ARRIVALS_REMIND_ME,PUSH,BR,pt-BR,pt-BR,Minions & More Volume 1,GMAIL.COM,,,Xiaomi_M2101K7AG,0
Jessica,2022-09-27 05:29:14,EMAIL_NEW_ARRIVALS_REMIND_ME,EMAIL,BR,pt-BR,pt-BR,Minions & More Volume 1,GMAIL.COM,,,--,0
Jessica,2022-09-27 05:29:14,Inapp New Arrivals Remind Me,NOTIFICATIONS,BR,pt-BR,,Minions & More Volume 1,GMAIL.COM,,,--,0
Jessica,2022-09-24 16:07:16,PUSH_NEW_ARRIVALS_REMIND_ME,PUSH,BR,pt-BR,pt-BR,Fullmetal Alchemist The Final Alchemy,GMAIL.COM,,,Xiaomi_M2101K7AG,0
Jessica,2022-09-24 15:19:25,PUSH_NEW_ARRIVALS,PUSH,BR,pt-BR,pt-BR,DAHMER,GMAIL.COM,,,Xiaomi_M2101K7AG,0
Jessica,2022-09-24 14:28:00,EMAIL_NEW_ARRIVALS_REMIND_ME,EMAIL,BR,pt-BR,pt-BR,Fullmetal Alchemist The Final Alchemy,GMAIL.COM,,,--,0
Jessica,2022-09-24 14:27:59,Inapp New Arrivals Remind Me,NOTIFICATIONS,BR,pt-BR,,Fullmetal Alchemist The Final Alchemy,GMAIL.COM,,,--,0
Jessica,2022-09-24 09:12:10,EMAIL_NEW_ARRIVALS,EMAIL,BR,pt-BR,pt-BR,DAHMER,GMAIL.COM,,,--,0
Jessica,2022-09-24 09:12:10,Inapp New Arrivals,NOTIFICATIONS,BR,pt-BR,,DAHMER,GMAIL.COM,,,--,0
Jessica,2022-09-21 23:37:27,Edr Request Verification,EMAIL,BR,pt-BR,pt-BR,,GMAIL.COM,https://www.netflix.com/account/getmyinfo?msg_token=EQIAmQABAYEAjhuuKPRN5DAvuAfjZcWinzQZs%2BRLss7dIcffuia7yrkWJC40RPTI08qu8Dar5tsQs8Mw5XjF7UUtlPTmdoJfLCRcMIRJ40wFZxAgLB4pbaxQ%2Bi9BxVIAN19wVUupxEz43ra8tEm%2B9FYGEljxVWlNAFdVfK4IKIplxYN7VP7qEZ8egQANq4YHZxXhuvsMM7EVQgIKVDsINTs9UuEQMcAypOwHcfLusCLf9ORs2w2mG8bJYkP95Q3rlsoDJQI1O6UcmAN%2BRJ1r1P4kDn%2BVjFJPUuMCIVC1wYbQgzUSdcWT2S57gkGbt8WYv%2FsfWBd5g5oLRW5Icc9Rzx3JdDWouyV38UDYtpg%3D&g=5b3cfefc-d10f-4d8e-a92e-718576f86e10&edr_id=551ff538-56fa-413a-a457-d87f0b795761&lkid=URL_EDR_APPROVE&lnktrk=EVO&nftoken=BQAbAAEBECoq8LNc%2BXOz9ftN1ElTifGAoEraV13rVd4hOoMSjBGPsrtAvPqc0tGwmBs5uA4Z9Pue4IhPKZB5ODst%2B5WkV0y0434%2BDpQcTolYmyK8ILRFiIzJ1m1BfqXTF67nKzCfds%2FGAfYpx2G1Oq1Hn9naV6dLobu4jVYXwghs%2BA3nLc3dUK3FlOW1K6PIPzOpyZtSRUOltR1uzg6%2Fcpqe9MhP3AWjss6GuWPPN%2BxeezEVNhx%2Fr4Q%3D&action=approve,2022-09-21 23:37:43,--,1
Jessica,2022-09-16 16:52:18,PUSH_NEW_SEASON_ALERT_REMIND_ME,PUSH,BR,pt-BR,pt-BR,Fate: The Winx Saga,GMAIL.COM,,,Xiaomi_M2101K7AG_chid_497730f0-ad4b-11e7-95a4-c7ad113ce187,0
Jessica,2022-09-16 15:56:29,PUSH_NEW_ARRIVALS_REMIND_ME,PUSH,BR,pt-BR,pt-BR,Gymnastics Academy: A Second Chance,GMAIL.COM,,,Xiaomi_M2101K7AG_chid_497730f0-ad4b-11e7-95a4-c7ad113ce187,0
Jessica,2022-09-16 15:29:27,Inapp New Arrivals Remind Me,NOTIFICATIONS,BR,pt-BR,,Gymnastics Academy: A Second Chance,GMAIL.COM,,,--,0
Jessica,2022-09-16 15:29:27,EMAIL_NEW_ARRIVALS_REMIND_ME,EMAIL,BR,pt-BR,pt-BR,Gymnastics Academy: A Second Chance,GMAIL.COM,,,--,0
Jessica,2022-09-16 14:01:03,EMAIL_NEW_SEASON_ALERT_REMIND_ME,EMAIL,BR,pt-BR,pt-BR,Fate: The Winx Saga,GMAIL.COM,,,--,0
Jessica,2022-09-16 14:01:02,Inapp New Season Alert Remind Me,NOTIFICATIONS,BR,pt-BR,,Fate: The Winx Saga,GMAIL.COM,,,--,0
Jessica,2022-09-15 16:33:13,PUSH_NEW_ARRIVALS_REMIND_ME,PUSH,BR,pt-BR,pt-BR,Liss Pereira: Adulting,GMAIL.COM,,,Xiaomi_M2101K7AG_chid_497730f0-ad4b-11e7-95a4-c7ad113ce187,0
Jessica,2022-09-15 10:56:06,Inapp New Arrivals Remind Me,NOTIFICATIONS,BR,pt-BR,,Liss Pereira: Adulting,GMAIL.COM,,,--,0
Jessica,2022-09-15 10:56:06,EMAIL_NEW_ARRIVALS_REMIND_ME,EMAIL,BR,pt-BR,pt-BR,Liss Pereira: Adulting,GMAIL.COM,,,--,0
Jessica,2022-09-14 16:41:26,PUSH_NEW_ARRIVALS_REMIND_ME,PUSH,BR,pt-BR,pt-BR,Dolittle,GMAIL.COM,,,Xiaomi_M2101K7AG_chid_497730f0-ad4b-11e7-95a4-c7ad113ce187,0
Jessica,2022-09-14 04:19:09,EMAIL_NEW_ARRIVALS_REMIND_ME,EMAIL,BR,pt-BR,pt-BR,Dolittle,GMAIL.COM,,,--,0
Jessica,2022-09-14 04:19:09,Inapp New Arrivals Remind Me,NOTIFICATIONS,BR,pt-BR,,Dolittle,GMAIL.COM,,,--,0
Jessica,2022-09-09 15:59:23,PUSH_NEW_ARRIVALS_REMIND_ME,PUSH,BR,pt-BR,pt-BR,End of the Road,GMAIL.COM,,,Xiaomi_M2101K7AG,0
Jessica,2022-09-09 15:33:28,PUSH_NEW_ARRIVALS_REMIND_ME,PUSH,BR,pt-BR,pt-BR,No Limit,GMAIL.COM,,,Xiaomi_M2101K7AG,0
Jessica,2022-09-09 11:57:15,EMAIL_NEW_ARRIVALS_REMIND_ME,EMAIL,BR,pt-BR,pt-BR,End of the Road,GMAIL.COM,,,--,0
Jessica,2022-09-09 11:57:14,Inapp New Arrivals Remind Me,NOTIFICATIONS,BR,pt-BR,,End of the Road,GMAIL.COM,,,--,0
Jessica,2022-09-09 08:13:58,Inapp New Arrivals Remind Me,NOTIFICATIONS,BR,pt-BR,,No Limit,GMAIL.COM,,,--,0
Jessica,2022-09-09 08:13:58,EMAIL_NEW_ARRIVALS_REMIND_ME,EMAIL,BR,pt-BR,pt-BR,No Limit,GMAIL.COM,,,--,0
Jessica,2022-09-08 15:02:43,PUSH_NEW_ARRIVALS_REMIND_ME,PUSH,BR,pt-BR,pt-BR,The Anthrax Attacks,GMAIL.COM,,,Xiaomi_M2101K7AG_chid_497730f0-ad4b-11e7-95a4-c7ad113ce187,0
Jessica,2022-09-08 10:29:18,EMAIL_NEW_ARRIVALS_REMIND_ME,EMAIL,BR,pt-BR,pt-BR,The Anthrax Attacks,GMAIL.COM,,,--,0
Jessica,2022-09-08 10:29:17,Inapp New Arrivals Remind Me,NOTIFICATIONS,BR,pt-BR,,The Anthrax Attacks,GMAIL.COM,,,--,0
Jessica,2022-09-02 16:15:22,PUSH_NEW_ARRIVALS_REMIND_ME,PUSH,BR,pt-BR,pt-BR,Ivy + Bean: The Ghost That Had to Go,GMAIL.COM,,,Xiaomi_M2101K7AG,0
Jessica,2022-09-02 16:14:21,PUSH_NEW_ARRIVALS_REMIND_ME,PUSH,BR,pt-BR,pt-BR,You’re Nothing Special,GMAIL.COM,,,Xiaomi_M2101K7AG,0
Jessica,2022-09-02 15:05:35,PUSH_NEW_ARRIVALS_REMIND_ME,PUSH,BR,pt-BR,pt-BR,Fakes,GMAIL.COM,,,Xiaomi_M2101K7AG,0
Jessica,2022-09-02 11:17:24,EMAIL_NEW_ARRIVALS_REMIND_ME,EMAIL,BR,pt-BR,pt-BR,Ivy + Bean: The Ghost That Had to Go,GMAIL.COM,,,--,0
Jessica,2022-09-02 11:17:24,Inapp New Arrivals Remind Me,NOTIFICATIONS,BR,pt-BR,,Ivy + Bean: The Ghost That Had to Go,GMAIL.COM,,,--,0
Jessica,2022-09-02 10:38:17,EMAIL_NEW_ARRIVALS_REMIND_ME,EMAIL,BR,pt-BR,pt-BR,You’re Nothing Special,GMAIL.COM,,,--,0
Jessica,2022-09-02 10:38:16,Inapp New Arrivals Remind Me,NOTIFICATIONS,BR,pt-BR,,You’re Nothing Special,GMAIL.COM,,,--,0
Jessica,2022-09-02 08:26:54,EMAIL_NEW_ARRIVALS_REMIND_ME,EMAIL,BR,pt-BR,pt-BR,Fakes,GMAIL.COM,,,--,0
Jessica,2022-09-02 08:26:53,Inapp New Arrivals Remind Me,NOTIFICATIONS,BR,pt-BR,,Fakes,GMAIL.COM,,,--,0
Jessica,2022-09-01 16:25:22,PUSH_NEW_ARRIVALS_REMIND_ME,PUSH,BR,pt-BR,pt-BR,Fenced In,GMAIL.COM,,,Xiaomi_M2101K7AG,0
Jessica,2022-09-01 15:24:17,PUSH_NEW_ARRIVALS_REMIND_ME,PUSH,BR,pt-BR,pt-BR,Love in the Villa,GMAIL.COM,,,Xiaomi_M2101K7AG,0
Jessica,2022-09-01 12:32:11,EMAIL_NEW_ARRIVALS_REMIND_ME,EMAIL,BR,pt-BR,pt-BR,Fenced In,GMAIL.COM,,,--,0
Jessica,2022-09-01 12:32:10,Inapp New Arrivals Remind Me,NOTIFICATIONS,BR,pt-BR,,Fenced In,GMAIL.COM,,,--,0
Jessica,2022-09-01 11:27:24,EMAIL_NEW_ARRIVALS_REMIND_ME,EMAIL,BR,pt-BR,pt-BR,Love in the Villa,GMAIL.COM,,,--,0
Jessica,2022-09-01 11:27:24,Inapp New Arrivals Remind Me,NOTIFICATIONS,BR,pt-BR,,Love in the Villa,GMAIL.COM,,,--,0
Jessica,2022-08-31 15:17:31,PUSH_NEW_ARRIVALS_REMIND_ME,PUSH,BR,pt-BR,pt-BR,I Came By,GMAIL.COM,,,Xiaomi_M2101K7AG,0
Jessica,2022-08-31 11:12:27,EMAIL_NEW_ARRIVALS_REMIND_ME,EMAIL,BR,pt-BR,pt-BR,I Came By,GMAIL.COM,,,--,0
Jessica,2022-08-31 11:12:26,Inapp New Arrivals Remind Me,NOTIFICATIONS,BR,pt-BR,,I Came By,GMAIL.COM,,,--,0
Jessica,2022-08-26 16:43:14,PUSH_NEW_ARRIVALS_REMIND_ME,PUSH,BR,pt-BR,pt-BR,Seoul Vibe,GMAIL.COM,,,Xiaomi_M2101K7AG,0
Jessica,2022-08-26 16:31:14,PUSH_NEW_ARRIVALS_REMIND_ME,PUSH,BR,pt-BR,pt-BR,Me Time,GMAIL.COM,,,Xiaomi_M2101K7AG,0
Jessica,2022-08-26 15:26:12,Inapp New Arrivals Remind Me,NOTIFICATIONS,BR,pt-BR,,Me Time,GMAIL.COM,,,--,0
Jessica,2022-08-26 15:26:12,EMAIL_NEW_ARRIVALS_REMIND_ME,EMAIL,BR,pt-BR,pt-BR,Me Time,GMAIL.COM,,,--,0
Jessica,2022-08-26 10:36:25,Inapp New Arrivals Remind Me,NOTIFICATIONS,BR,pt-BR,,Seoul Vibe,GMAIL.COM,,,--,0
Jessica,2022-08-26 10:36:25,EMAIL_NEW_ARRIVALS_REMIND_ME,EMAIL,BR,pt-BR,pt-BR,Seoul Vibe,GMAIL.COM,,,--,0
Jessica,2022-08-25 18:41:08,EMAIL_UNBRANDED_PREPROMOTE,EMAIL,BR,pt-BR,pt-BR,Sing Again,GMAIL.COM,,,--,0
Jessica,2022-08-25 18:41:08,PUSH_UNBRANDED_PREPROMOTE,PUSH,BR,pt-BR,pt-BR,Sing Again,GMAIL.COM,,,Xiaomi_M2101K7AG,0
Jessica,2022-08-25 16:34:24,PUSH_THUMBS_SHORT_PLAY,PUSH,BR,pt-BR,pt-BR,The Best of Enemies,GMAIL.COM,,,Xiaomi_M2101K7AG,0
Jessica,2022-08-25 15:44:19,PUSH_NEW_ARRIVALS_REMIND_ME,PUSH,BR,pt-BR,pt-BR,That's Amor,GMAIL.COM,,,Xiaomi_M2101K7AG,0
Jessica,2022-08-25 13:19:22,Inapp Thumbs Short Play,NOTIFICATIONS,BR,pt-BR,,The Best of Enemies,GMAIL.COM,,,--,0
Jessica,2022-08-25 13:19:22,EMAIL_THUMBS_SHORT_PLAY,EMAIL,BR,pt-BR,pt-BR,The Best of Enemies,GMAIL.COM,,,--,0
Jessica,2022-08-25 10:23:42,EMAIL_NEW_ARRIVALS_REMIND_ME,EMAIL,BR,pt-BR,pt-BR,That's Amor,GMAIL.COM,,,--,0
Jessica,2022-08-25 10:23:41,Inapp New Arrivals Remind Me,NOTIFICATIONS,BR,pt-BR,,That's Amor,GMAIL.COM,,,--,0
Jessica,2022-08-22 12:33:32,WW_QUANT_MESSAGING_CHANNEL_OPTIMIZATION,EMAIL,BR,pt-BR,pt-BR,,GMAIL.COM,,,--,0
Jessica,2022-08-21 15:11:22,PUSH_NEW_ARRIVALS_REMIND_ME,PUSH,BR,pt-BR,pt-BR,Blood Father,GMAIL.COM,,,Xiaomi_M2101K7AG,0
Jessica,2022-08-21 04:35:24,Inapp New Arrivals Remind Me,NOTIFICATIONS,BR,pt-BR,,Blood Father,GMAIL.COM,,,--,0
Jessica,2022-08-21 04:35:24,EMAIL_NEW_ARRIVALS_REMIND_ME,EMAIL,BR,pt-BR,pt-BR,Blood Father,GMAIL.COM,,,--,0
Jessica,2022-08-19 19:26:56,EMAIL_UNBRANDED_PREPROMOTE,EMAIL,BR,pt-BR,pt-BR,Blood Father,GMAIL.COM,,,--,0
Jessica,2022-08-19 19:26:56,PUSH_UNBRANDED_PREPROMOTE,PUSH,BR,pt-BR,pt-BR,Blood Father,GMAIL.COM,,,Xiaomi_M2101K7AG,0
Jessica,2022-08-12 15:09:42,Multichannel What To Watch,PUSH,BR,pt-BR,pt-BR,Dumplin',GMAIL.COM,,,Xiaomi_M2101K7AG,0
Jessica,2022-08-12 13:00:14,Multichannel What To Watch,EMAIL,BR,pt-BR,pt-BR,Dumplin',GMAIL.COM,,,--,0
Jessica,2022-08-12 13:00:13,Multichannel What To Watch,NOTIFICATIONS,BR,,,Dumplin',GMAIL.COM,,,--,0
Jessica,2022-08-11 16:58:21,PUSH_COMEDY_FEED_RE_ENGAGEMENT,PUSH,BR,pt-BR,pt-BR,,GMAIL.COM,,,Xiaomi_M2101K7AG_chid_497730f0-ad4b-11e7-95a4-c7ad113ce187,0
Jessica,2022-08-11 07:52:13,Inapp Comedy Feed Re Engagement,NOTIFICATIONS,BR,pt-BR,,,GMAIL.COM,,,--,0
Jessica,2022-08-08 16:41:25,PUSH_WATCH_IT_AGAIN,PUSH,BR,pt-BR,pt-BR,DI4RIES,GMAIL.COM,,,Xiaomi_M2101K7AG_chid_497730f0-ad4b-11e7-95a4-c7ad113ce187,0
Jessica,2022-08-08 15:35:19,Inapp Watch It Again,NOTIFICATIONS,BR,pt-BR,,DI4RIES,GMAIL.COM,,,--,0
Jessica,2022-08-08 15:35:19,EMAIL_WATCH_IT_AGAIN,EMAIL,BR,pt-BR,pt-BR,DI4RIES,GMAIL.COM,,,--,0
Jessica,2022-08-06 21:45:47,PUSH_UNBRANDED_PREPROMOTE,PUSH,BR,pt-BR,pt-BR,Sai de Baixo: O Filme,GMAIL.COM,,,Xiaomi_M2101K7AG_chid_497730f0-ad4b-11e7-95a4-c7ad113ce187,0
Jessica,2022-08-06 21:45:47,EMAIL_UNBRANDED_PREPROMOTE,EMAIL,BR,pt-BR,pt-BR,Sai de Baixo: O Filme,GMAIL.COM,,,--,0
Jessica,2022-08-05 16:01:17,PUSH_THUMBS_LONG_PLAY,PUSH,BR,pt-BR,pt-BR,DI4RIES,GMAIL.COM,,,Xiaomi_M2101K7AG,0
Jessica,2022-08-05 15:43:28,PUSH_CONTENT_LEAVING_THE_SERVICE,PUSH,BR,pt-BR,pt-BR,"Big Mommas: Like Father, Like Son",GMAIL.COM,,,Xiaomi_M2101K7AG,0
Jessica,2022-08-05 14:00:33,EMAIL_CONTENT_LEAVING_THE_SERVICE,EMAIL,BR,pt-BR,pt-BR,"Big Mommas: Like Father, Like Son",GMAIL.COM,,,--,0
Jessica,2022-08-05 14:00:33,Inapp Content Leaving The Service,NOTIFICATIONS,BR,pt-BR,,"Big Mommas: Like Father, Like Son",GMAIL.COM,,,--,0
Jessica,2022-08-05 13:00:29,Inapp Thumbs Long Play,NOTIFICATIONS,BR,pt-BR,,DI4RIES,GMAIL.COM,,,--,0
Jessica,2022-08-05 13:00:29,EMAIL_THUMBS_LONG_PLAY,EMAIL,BR,pt-BR,pt-BR,DI4RIES,GMAIL.COM,,,--,0
Jessica,2022-07-29 19:52:30,PUSH_UNBRANDED_PREPROMOTE,PUSH,BR,pt-BR,pt-BR,Wonder,GMAIL.COM,,,Xiaomi_M2101K7AG,0
Jessica,2022-07-29 19:52:30,EMAIL_UNBRANDED_PREPROMOTE,EMAIL,BR,pt-BR,pt-BR,Wonder,GMAIL.COM,,,--,0
Jessica,2022-07-26 15:29:10,PUSH_COMING_SOON,PUSH,BR,pt-BR,pt-BR,,GMAIL.COM,,,Xiaomi_M2101K7AG,0
Jessica,2022-07-26 05:41:06,EMAIL_COMING_SOON,EMAIL,BR,pt-BR,pt-BR,A Cut Above,GMAIL.COM,,,--,0
Jessica,2022-07-26 05:41:05,Inapp Coming Soon,NOTIFICATIONS,BR,pt-BR,,,GMAIL.COM,,,--,0
Jessica,2022-07-16 18:23:15,PUSH_ORIGINALS_PREPROMOTE,PUSH,BR,pt-BR,pt-BR,Live is Life,GMAIL.COM,,,Xiaomi_M2101K7AG,0
Jessica,2022-07-16 18:23:13,EMAIL_ORIGINALS_PREPROMOTE,EMAIL,BR,pt-BR,pt-BR,Live is Life,GMAIL.COM,,,--,0
Jessica,2022-07-16 18:23:13,Inapp Originals Prepromote,NOTIFICATIONS,BR,pt-BR,,Live is Life,GMAIL.COM,,,--,0
Jessica,2022-07-15 16:47:25,PUSH_NEW_ARRIVALS_REMIND_ME,PUSH,BR,pt-BR,pt-BR,The Best of Enemies,GMAIL.COM,,,Xiaomi_M2101K7AG,0
Jessica,2022-07-15 05:49:08,Inapp New Arrivals Remind Me,NOTIFICATIONS,BR,pt-BR,,The Best of Enemies,GMAIL.COM,,,--,0
Jessica,2022-07-15 05:49:08,EMAIL_NEW_ARRIVALS_REMIND_ME,EMAIL,BR,pt-BR,pt-BR,The Best of Enemies,GMAIL.COM,,,--,0
Jessica,2022-07-13 15:59:12,PUSH_ORIGINALS_PREPROMOTE,PUSH,BR,pt-BR,pt-BR,Resident Evil,GMAIL.COM,,,Xiaomi_M2101K7AG,0
Jessica,2022-07-13 08:08:17,EMAIL_ORIGINALS_PREPROMOTE_TITLE_GROUPS,EMAIL,BR,pt-BR,pt-BR,Resident Evil,GMAIL.COM,,,--,0
Jessica,2022-07-01 14:24:29,EMAIL_NEW_BATCH_ALERT,EMAIL,BR,pt-BR,pt-BR,Stranger Things,GMAIL.COM,,,--,0
Jessica,2022-07-01 14:24:28,Inapp New Batch Alert,NOTIFICATIONS,BR,pt-BR,,Stranger Things,GMAIL.COM,,,--,0
Jessica,2022-07-01 00:40:06,NEW_DEVICE_LOGIN,EMAIL,BR,pt-BR,pt-BR,,GMAIL.COM,,,--,0
Jessica,2022-06-30 12:04:37,Inapp New Arrivals,NOTIFICATIONS,BR,pt-BR,,The Man from Toronto,GMAIL.COM,,,,0
Jessica,2022-06-30 12:04:37,EMAIL_NEW_ARRIVALS,EMAIL,BR,pt-BR,pt-BR,The Man from Toronto,GMAIL.COM,,,,0
Jessica,2022-06-30 08:44:31,EVO_EDR_REPORT_COMPLETED_EXTERNAL_SAR_EMAIL,EMAIL,BR,pt-BR,pt-BR,,GMAIL.COM,,2022-06-30 10:24:57,,1
Jessica,2022-06-30 02:00:37,EMAIL_NEW_BATCH_PREPROMOTE,EMAIL,BR,pt-BR,pt-BR,Stranger Things,GMAIL.COM,,,,0
Jessica,2022-06-30 02:00:36,Inapp New Batch Prepromote,NOTIFICATIONS,BR,pt-BR,,Stranger Things,GMAIL.COM,,,,0
Jessica,2022-06-29 21:47:08,NEW_DEVICE_LOGIN,EMAIL,BR,pt-BR,pt-BR,,GMAIL.COM,,,,0
Jessica,2022-06-29 21:39:03,EVO_EDR_REQUEST_VERIFICATION_EMAIL,EMAIL,BR,pt-BR,pt-BR,,GMAIL.COM,,2022-06-29 21:41:52,,1
Jessica,2022-06-25 17:14:13,EMAIL_NEW_SEASON_ALERT,EMAIL,BR,pt-BR,pt-BR,The Umbrella Academy,GMAIL.COM,,,,0
Jessica,2022-06-24 16:13:24,EMAIL_NEW_ARRIVALS,EMAIL,BR,pt-BR,pt-BR,Money Heist: Korea - Joint Economic Area,GMAIL.COM,,,,0
Jessica,2022-06-24 16:13:24,Inapp New Arrivals,NOTIFICATIONS,BR,pt-BR,,Money Heist: Korea - Joint Economic Area,GMAIL.COM,,,,0
Jessica,2022-06-22 09:56:31,EMAIL_COMING_SOON,EMAIL,BR,pt-BR,pt-BR,Money Heist: Korea - Joint Economic Area,GMAIL.COM,https://www.netflix.com/browse/coming-soon?lnktrk=EMP&g=921ADA28331C48164B9AF8B72CDD03686455B9FA&lkid=URL_COMING_SOON_2,2022-06-22 11:11:59,,1
Jessica,2022-06-22 09:56:31,Inapp Coming Soon,NOTIFICATIONS,BR,pt-BR,,,GMAIL.COM,,,,0
Jessica,2022-06-14 10:36:22,Inapp Coming Soon,NOTIFICATIONS,BR,pt-BR,,,GMAIL.COM,,,edge-cadmium,0
Jessica,2022-06-14 10:36:22,EMAIL_COMING_SOON,EMAIL,BR,pt-BR,pt-BR,Maldivas,GMAIL.COM,,,,0
Jessica,2022-06-13 18:36:53,EMAIL_ORIGINALS_PREPROMOTE,EMAIL,BR,pt-BR,pt-BR,Maldivas,GMAIL.COM,,,,0
Jessica,2022-06-13 18:36:52,Inapp Originals Prepromote,NOTIFICATIONS,BR,pt-BR,,Maldivas,GMAIL.COM,,,edge-cadmium,0
Jessica,2022-06-04 21:26:08,EMAIL_UNBRANDED_PREPROMOTE,EMAIL,BR,pt-BR,pt-BR,Rambo: Last Blood,GMAIL.COM,,,,0
Jessica,2022-05-31 13:48:45,EMAIL_NEW_SEASON_ALERT,EMAIL,BR,pt-BR,pt-BR,Stranger Things,GMAIL.COM,,,,0
Jessica,2022-05-21 22:06:05,EMAIL_ORIGINALS_PREPROMOTE,EMAIL,BR,pt-BR,pt-BR,Godspeed,GMAIL.COM,,,,0
Jessica,2022-05-21 22:06:05,Inapp Originals Prepromote,NOTIFICATIONS,BR,pt-BR,,Godspeed,GMAIL.COM,,,,0
Jessica,2022-05-20 16:28:14,REQUEST_TO_CHANGE_PASSWORD,EMAIL,BR,pt-BR,pt-BR,,GMAIL.COM,,2022-05-20 16:28:35,,1
Jessica,2022-05-13 16:51:11,Inapp New Arrivals Remind Me,NOTIFICATIONS,BR,pt-BR,,Senior Year,GMAIL.COM,,,edge-cadmium,0
Jessica,2022-05-13 16:51:11,PUSH_NEW_ARRIVALS_REMIND_ME,PUSH,BR,pt-BR,pt-BR,Senior Year,GMAIL.COM,,,Xiaomi_M2101K7AG_chid_497730f0-ad4b-11e7-95a4-c7ad113ce187,0
Jessica,2022-05-13 16:51:11,EMAIL_NEW_ARRIVALS_REMIND_ME,EMAIL,BR,pt-BR,pt-BR,Senior Year,GMAIL.COM,,,,0
Jessica,2022-05-06 15:48:11,PUSH_NEW_ARRIVALS,PUSH,BR,pt-BR,pt-BR,The Takedown,GMAIL.COM,,,Xiaomi_M2101K7AG_chid_497730f0-ad4b-11e7-95a4-c7ad113ce187,0
Jessica,2022-05-06 15:48:08,EMAIL_NEW_ARRIVALS,EMAIL,BR,pt-BR,pt-BR,The Takedown,GMAIL.COM,,,,0
Jessica,2022-05-06 15:48:07,Inapp New Arrivals,NOTIFICATIONS,BR,pt-BR,,The Takedown,GMAIL.COM,,,edge-cadmium,0
Jessica,2022-05-05 15:58:29,PUSH_NEW_ARRIVALS,PUSH,BR,pt-BR,pt-BR,Honeymoon with My Mother,GMAIL.COM,,,Xiaomi_M2101K7AG_chid_497730f0-ad4b-11e7-95a4-c7ad113ce187,0
Jessica,2022-05-05 09:12:24,EMAIL_NEW_ARRIVALS,EMAIL,BR,pt-BR,pt-BR,Honeymoon with My Mother,GMAIL.COM,,,,0
Jessica,2022-05-05 09:12:24,Inapp New Arrivals,NOTIFICATIONS,BR,pt-BR,,Honeymoon with My Mother,GMAIL.COM,,,edge-cadmium,0
Jessica,2022-05-02 15:12:23,PUSH_NEW_ARRIVALS,PUSH,BR,pt-BR,pt-BR,365 Days: This Day,GMAIL.COM,,,Xiaomi_M2101K7AG_chid_497730f0-ad4b-11e7-95a4-c7ad113ce187,0
Jessica,2022-05-02 15:01:22,EMAIL_NEW_ARRIVALS,EMAIL,BR,pt-BR,pt-BR,365 Days: This Day,GMAIL.COM,,,,0
Jessica,2022-05-02 15:01:22,Inapp New Arrivals,NOTIFICATIONS,BR,pt-BR,,365 Days: This Day,GMAIL.COM,,,edge-cadmium,0
Jessica,2022-05-01 13:00:20,EMAIL_KIDS_PROFILE_AWARENESS_NEW_MEMBERS,EMAIL,BR,pt-BR,pt-BR,,GMAIL.COM,,,,0
Jessica,2022-04-30 11:23:04,CONNECT_TO_WHATSAPP_UMA,ALERTS,BR,,,,GMAIL.COM,,2022-05-01 16:56:19,Xiaomi_M2101K7AG,1
Jessica,2022-04-28 16:54:22,EVO_HITCH_CONFIRMATION_ON_PHONE_NUMBER_ADD,EMAIL,BR,pt-BR,pt-BR,,GMAIL.COM,,,,0
Jessica,2022-04-28 16:45:24,TV_HD_UPSELL_UMA,ALERTS,--,,,,GMAIL.COM,,,,0
Jessica,2022-04-28 16:44:17,SIGNUP_CONFIRMATION_NETFLIX_MOPS,EMAIL,BR,pt-BR,pt-BR,,GMAIL.COM,,,,0
Jessica,2022-04-28 16:41:54,VERIFY_PHONE_SMS,SMS,BR,pt-BR,pt-BR,,GMAIL.COM,,,,0
Jessica,2022-04-28 16:39:49,VERIFY_PHONE_NUMBER_UMA,ALERTS,--,,,,GMAIL.COM,,2022-04-28 16:41:12,--,1
Jessica,2022-04-28 16:39:36,PHONE_NUMBER_COLLECTION_UMA,ALERTS,--,,,,GMAIL.COM,,,,0
